Workbook
Name a: #REF!
Name aa: #REF!
Name B: [10]Abstract!#REF!
Name Cft: 0.583333333333333
Name CUM: #REF!
Name Dslab: [4]dlvoid!$H$25
Name G509a55: #REF!
Name _HFL1: #N/A
Name _HFL1: #N/A
Name _HFL1: #N/A
Name _HFL1: #N/A
Name _HFL1: #N/A
Name _HFL1: #N/A
Name _HFL1: #N/A
Name _HFL1: #N/A
Name _HFL1: #N/A
Name _HFL1: #N/A
Name _HFL1: #N/A
Name _HFL1: #N/A
Name _HFL1: #N/A
Name _HFL1: #N/A
Name _HFL1: #N/A
Name _HFL1: #N/A
Name _HFL1: #N/A
Name _HFL1: #N/A
Name _HFL1: #N/A
Name _HFL1: #N/A
Name _HFL1: #REF!
Name HLB: #N/A
Name HLB: #N/A
Name HLB: #N/A
Name HLB: #N/A
Name HLB: #N/A
Name HLB: #N/A
Name HLB: #N/A
Name HLB: #N/A
Name HLB: #N/A
Name HLB: #N/A
Name HLB: #N/A
Name HLB: #N/A
Name HLB: #N/A
Name HLB: #N/A
Name HLB: #N/A
Name HLB: #N/A
Name HLB: #N/A
Name HLB: #N/A
Name HLB: #N/A
Name HLB: #N/A
Name HLB: #REF!
Name L_Bhisti: [11]Labour!$D$3
Name L_BitumenSprayer: [11]Labour!$D$4
Name L_Blacksmith: [11]Labour!$D$5
Name L_Blaster: [11]Labour!$D$6
Name L_Carpenter_1stClass: [11]Labour!$D$7
Name L_ChipsSpreader: [11]Labour!$D$8
Name L_Chiseller: [11]Labour!$D$9
Name L_Dresser_Skilled: [11]Labour!$D$10
Name L_Driller: [11]Labour!$D$11
Name L_Electrician_Lineman: [11]Labour!$D$12
Name L_Fitter: [11]Labour!$D$13

Sheet INDEX
A4: DESIGN OF SUBMERSIBLE SKEW BRIDGE ACROSS BEDACH RIVER
A6: INDEX
A8: S.No | B8: Particulars | C8: Page
A9: 1 | B9: Preamble
A10: 2 | B10: Hydraulic Design
A11: 3 | B11: Stability Check for Pier in Different Load Cases
A12: 4 | B12: Computation of Reinforcement in Pier
A13: 5 | B13: Design of Pier Footing
A14: 6 | B14: Design of Pier Footing Cap
A15: 7 | B15: Stability Check for Abutment in Different Load Cases
A16: 8 | B16: Design of Abutment Footing
A17: 9 | B17: Cross Sections & L Section of the River
A18: 10 | B18: Geotechnical Investigation Report
A19: 11 | B19: General Arrangement Drawing
A20: 12 | B20: Details of Pier Complete Drawing
... A27: 19 | B27: Detailed Progress Report

Sheet INSERT- HYDRAULICS

Sheet afflux calculation
A1: DESIGN OF SUBMERSIBLE BRIDGE
A2: Name Of Work :- Construction of Submersible Bridge on ON KHERWARA - JAWAS - SUVERI ROAD IN KM 9/000, ACROSS RIVER SOM
A3: Hydraulic Calculation
A4: Computation of Discharge | C4: 1 | D4: Flood calculation by Area Velocity Method (As per Article- 5 of IRC SP-13)
A5: Q | B5: = | C5: A x V | F5: Where
A6: A | B6: = | C6: =HYDRAULICS!$C$29 -> 490.3 | D6: m2 | G6: A = | H6: Cross sectional area in m2
A7: P | B7: = | C7: =HYDRAULICS!$C$30 -> 190.70731 | D7: m | G7: P = | H7: Perimeter calculated in m
A8: S | B8: = | C8: 1 | D8: IN | E8: =HYDRAULICS!$C$33 -> 960 | G8: S = | H8: Slope as per drain LS taken at
H9: Proposal site
A10: n | B10: = | C10: =HYDRAULICS!$C$32 -> 0.033 | G10: n = | H10: Rugosity coefficient
H11: (As per IRC SP-13)
A12: V | B12: = | C12: I/nx (A/P) 2/3 x(S) 1/2 | G12: V = | H12: Velocity in m/sec.
B13: = | C13: =ROUNDUP(1/C10*((C6/C7)^(2/3)*(1/E8)^0.5),2) -> 1.84 | D13: m/sec.
A14: Q | B14: = | C14: =ROUND(C6*C13,2) -> 902.15 | D14: Cumecs
A15: Linear Water Way Calculation
A16: Regime Surface width of the stream is given by :- | C16: L | D16: = | E16: 4.8 (Q)1/2
B17: = | C17: =ROUNDUP(4.8*(C14)^0.5,2) -> 144.18 | D17: m
A18: Looking to the built up Urban area constraints adopt | C18: 12 | D18: Spans of | F18: 8 | G18: M each.
A19: This will cause contraction and afflux. Calculation is done for the same to fix deck level.
A20: Effective linear water way proposed = | B20: =C18 -> 12 | C20: x | D20: =F18 -> 8 | E20: = | F20: =B20*D20 -> 96 | G20: M
E21: Total | F21: =SUM(F20:F20) -> 96 | G21: M
A22: Scour Depth Calculation
A23: (As per clause no. 703.2.2.1 of IRC : 78.1983)
A24: dsm = | B24: 1.34x (Db2 /Ksf) 1/3 | F24: Where
E25: Db | F25: = | G25: The discharge in Cumecs per meter width
E26: Ksf | F26: = | G26: the silt factor
F27: = | G27: 1.5
A28: Effective linear waterway | B28: = | C28: Width of waterway - Obstructed width of piper
A29: = | B29: =C18*F18-1.2 -> 94.8 | C29: - ( | D29: =B20-1 -> 11 | E29: x | F29: 1.2 | G29: )
A30: = | B30: =B29-(D29*F29) -> 81.6 | C30: m
A31: Db | B31: = | C31: =ROUND(C14,2) -> 902.15 | D31: / | E31: =B30 -> 81.6
B32: = | C32: =ROUNDUP(C31/E31,2) -> 11.06 | D32: Cumecs per metre width
A33: dsm = | B33: =ROUNDUP(1.34* (C32^2 /G27)^(1/3),2) -> 5.82 | C33: m
A34: As per Clause No. 703-2-3-1 of IRC 78-1983 considering Scour at the pier two times of calculated scour depth below the highest flood level. But hard rock is available in foundation so the foundation will be anchored in the rock as per IRC guidelines.
A35: Afflux Calculation
A36: As per IS: 7784 (Part -I) 1975
A37: Molesworth Formula for Afflux
A38: Afflux h = | B38: ((V2/17.85) +0.0152)x(A2/a2-1)
A39: Where,
A40: h | B40: = | C40: afflux in m,
A41: v | B41: = | C41: Velocity in the unobstructed stream in m/s,
A42: A | B42: = | C42: the unobstructed sectional area of the river in m2
A43: a | B43: = | C43: the obstructed sectional area of the river at the cross drainage work in m2.
A44: As per Annexure- 1
A45: Unobstructed Area of Flow after Bridge Construction = | C45: =B52 -> 94.8 | D45: x | E45: =B50-B59 -> 5 | F45: = | G45: =C45*E45 -> 474 | H45: m2
A46: A | B46: = | C46: ='CROSS SECTION'!F27 -> 490.3 | D46: m2
A47: V | B47: = | C47: =C13 -> 1.84 | D47: m/sec.
A48: Computation of Area obstructed by Deck Slab
A49: HFL : | B49: =HYDRAULICS!$F$4 -> 100.6 | C49: m
A50: Top Level of Deck slab : | B50: =HYDRAULICS!E40 -> 101.6 | C50: m
A51: Thickness of Slab and Wearing Coat | B51: 0.83 | C51: m
A52: Length Of Slab | B52: =B29 -> 94.8 | C52: m
A53: Height of Obstruction | B53: =B51 -> 0.83 | C53: m
A54: Area obstructed by deck slab | B54: =B52 -> 94.8 | C54: x | D54: =B53 -> 0.83
B55: = | C55: =B54*D54 -> 78.684 | D55: m2
A56: Computation of Area obstructed by Piers
A57: HFL : | B57: =HYDRAULICS!$F$4 -> 100.6 | C57: m
A58: Soffit of Deck slab : | B58: =B50-B51 -> 100.77 | C58: m
A59: Average river bed level = | B59: =HYDRAULICS!E41 -> 96.6 | C59: m
A60: Nos. of pier | B60: = | C60: =D29 -> 11
A61: Height of Obstruction | B61: =B57 -> 100.6 | C61: - | D61: =B59 -> 96.6 | E61: = | F61: =B61-D61 -> 4 | G61: m
A62: Area obstructed by one pier : = | B62: =F29 -> 1.2 | C62: x | D62: =F61 -> 4
B63: = | C63: =B62*D62 -> 4.8 | D63: m2
A64: =CONCATENATE("For ",C60," Nos. of piers = ") -> For 11 Nos. of piers = | B64: =C60 -> 11 | C64: x | D64: =C63 -> 4.8
A65: A1 | B65: = | C65: =B64*D64 -> 52.8 | D65: m2
A66: Computation of Area obstructed by Abutments
A67: Average ground level = | B67: =B59 -> 96.6 | C67: m
A68: Height of Obstruction | B68: =B57 -> 100.6 | C68: = | D68: =B67 -> 96.6 | E68: = | F68: =B68-D68 -> 4 | G68: m
A69: Area obstructed by one Abutment : A2 = | B69: (0.40+0.75)/2 | C69: x | D69: =F68 -> 4
B70: = | C70: =(0.4+0.75)/2*D69 -> 2.3 | D70: m2
A71: For two Abutments = | B71: 2 | C71: x | D71: =C70 -> 2.3
B72: = | C72: =B71*D71 -> 4.6 | D72: m2
A73: Total area of obstruction due to slab, piers and abutments A | B73: = | C73: A0 +A1 + A2
B74: = | C74: =C55 -> 78.684 | D74: + | E74: =C65 -> 52.8 | F74: + | G74: =C72 -> 4.6
B75: = | C75: =C74+E74+G74 -> 136.084 | D75: m2
A76: Actual Area of flow a = | B76: =G45 -> 474 | C76: - | D76: =C75 -> 136.084
B77: = | C77: =B76-D76 -> 337.916 | D77: m2
A78: Afflux h = | B78: =ROUNDUP(((C13^2/17.85)+0.0152)*((C46/C77)^2-1),2) -> 0.23 | C78: m
A79: Afflux flood level = | B79: =B57 -> 100.6 | C79: + | D79: =B78 -> 0.23 | E79: = | F79: =B79+D79 -> 100.83 | G79: m
A80: Obstructed Velocity | B80: V | C80: = | D80: Q/a | E80: =C76 -> -
A81: Obstructed Velocity | B81: = | C81: =C14 -> 902.15 | D81: / | E81: =C77 -> 337.916
B82: = | C82: =ROUNDUP(C81/E81,2) -> 2.67 | D82: m/sec
A83: However we consider design velocity | B83: =C82 -> 2.67 | C83: m/sec.
A84: Afflux flood level | B84: = | C84: =F79 -> 100.83 | D84: M
A85: Top of deck slab | B85: = | C85: =B50 -> 101.6 | D85: M
A86: This is well above the Afflux flood level.
A87: Though it is not a high level bridge; there shall be no hindrance to traffic during high floods.
A88: Hence OK.

Sheet HYDRAULICS
A1: DETERMINATION OF VELOCITY AT PROPOSED SUBMERSIBLE BRIDGE
A2: ='afflux calculation'!A2:H2 -> Name Of Work :- Construction of Submersible Bridge on ON KHERWARA - JAWAS - SUVERI ROAD IN KM 9/000, ACROSS RIVER SOM
A3: AS PER UP-STREAM SECTION
A4: HIGHEST FLOOD LEVEL | F4: 100.6 | G4: M
A5: CHAINAGE | B5: G.L. | C5: DEPTH OF FLOW IN M | D5: LENGTH OF FLOW | E5: AVERAGE DEPTH OF FLOW | F5: CROSS SECTIONAL AREA OF FLOW | G5: WETTED PERIMETER
A6: 0 | B6: 102 | C6: =IF(B6>$F$4,0,$F$4-B6) -> 0 | D6: 0 | E6: 0 | F6: 0 | G6: 0
A7: 10 | B7: 100.95 | C7: =IF(B7>$F$4,0,$F$4-B7) -> 0 | D7: =(A7-A6) -> 10 | E7: =(C7+C6)/2 -> 0 | F7: =D7*E7 -> 0 | G7: =(D7^2+(C6-C7)^2)^0.5 -> 10
A8: 20 | B8: 98.19 | C8: =IF(B8>$F$4,0,$F$4-B8) -> 2.41 | D8: =(A8-A7) -> 10 | E8: =(C8+C7)/2 -> 1.205 | F8: =D8*E8 -> 12.05 | G8: =(D8^2+(C7-C8)^2)^0.5 -> 10.286306
A9: 30 | B9: 97.59 | C9: =IF(B9>$F$4,0,$F$4-B9) -> 3.01 | D9: =(A9-A8) -> 10 | E9: =(C9+C8)/2 -> 2.71 | F9: =D9*E9 -> 27.1 | G9: =(D9^2+(C8-C9)^2)^0.5 -> 10.017984
A10: 40 | B10: 97.21 | C10: =IF(B10>$F$4,0,$F$4-B10) -> 3.39 | D10: =(A10-A9) -> 10 | E10: =(C10+C9)/2 -> 3.2 | F10: =D10*E10 -> 32 | G10: =(D10^2+(C9-C10)^2)^0.5 -> 10.007217
A11: 50 | B11: 96.87 | C11: =IF(B11>$F$4,0,$F$4-B11) -> 3.73 | D11: =(A11-A10) -> 10 | E11: =(C11+C10)/2 -> 3.56 | F11: =D11*E11 -> 35.6 | G11: =(D11^2+(C10-C11)^2)^0.5 -> 10.005778
A12: 60 | B12: 97.96 | C12: =IF(B12>$F$4,0,$F$4-B12) -> 2.64 | D12: =(A12-A11) -> 10 | E12: =(C12+C11)/2 -> 3.185 | F12: =D12*E12 -> 31.85 | G12: =(D12^2+(C11-C12)^2)^0.5 -> 10.05923
A13: 70 | B13: 97.12 | C13: =IF(B13>$F$4,0,$F$4-B13) -> 3.48 | D13: =(A13-A12) -> 10 | E13: =(C13+C12)/2 -> 3.06 | F13: =D13*E13 -> 30.6 | G13: =(D13^2+(C12-C13)^2)^0.5 -> 10.035218
A14: 80 | B14: 96.8 | C14: =IF(B14>$F$4,0,$F$4-B14) -> 3.8 | D14: =(A14-A13) -> 10 | E14: =(C14+C13)/2 -> 3.64 | F14: =D14*E14 -> 36.4 | G14: =(D14^2+(C13-C14)^2)^0.5 -> 10.005119
A15: 90 | B15: 96.47 | C15: =IF(B15>$F$4,0,$F$4-B15) -> 4.13 | D15: =(A15-A14) -> 10 | E15: =(C15+C14)/2 -> 3.965 | F15: =D15*E15 -> 39.65 | G15: =(D15^2+(C14-C15)^2)^0.5 -> 10.005444
A16: 100 | B16: 96.49 | C16: =IF(B16>$F$4,0,$F$4-B16) -> 4.11 | D16: =(A16-A15) -> 10 | E16: =(C16+C15)/2 -> 4.12 | F16: =D16*E16 -> 41.2 | G16: =(D16^2+(C15-C16)^2)^0.5 -> 10.00002
A17: 110 | B17: 97.04 | C17: =IF(B17>$F$4,0,$F$4-B17) -> 3.56 | D17: =(A17-A16) -> 10 | E17: =(C17+C16)/2 -> 3.835 | F17: =D17*E17 -> 38.35 | G17: =(D17^2+(C16-C17)^2)^0.5 -> 10.015114
A18: 120 | B18: 97.29 | C18: =IF(B18>$F$4,0,$F$4-B18) -> 3.31 | D18: =(A18-A17) -> 10 | E18: =(C18+C17)/2 -> 3.435 | F18: =D18*E18 -> 34.35 | G18: =(D18^2+(C17-C18)^2)^0.5 -> 10.003125
... A25: 190 | B25: 102 | C25: =IF(B25>$F$4,0,$F$4-B25) -> 0 | D25: =(A25-A24) -> 10 | E25: =(C25+C24)/2 -> 0 | F25: =D25*E25 -> 0 | G25: =(D25^2+(C24-C25)^2)^0.5 -> 10
C27: TOTAL | D27: =SUM(D6:D26) -> 190 | F27: =SUM(F6:F26) -> 490.3 | G27: =SUM(G6:G26) -> 190.70731
B29: A | C29: =F27 -> 490.3 | D29: SQM
B30: P | C30: =G27 -> 190.70731 | D30: M
B31: R | C31: =C29/C30 -> 2.5709554 | D31: M
B32: N | C32: 0.033
B33: S 1 IN | C33: ='Bed Slope'!J24 -> 960
B34: V | C34: =(1/C32*(C31^(2/3))*((1/C33)^0.5)) -> 1.8354679 | D34: M/SEC
B35: Q | C35: =C29*C34 -> 899.92993 | D35: CUMECS
B36: The design engineer visually observed the river to ascertain the Roughness Coefficient n for the Manning's formula. Upon visual inspection of the river in the vicinity of the proposed bridge site it was found that the River bed surface is good with clean straight banks, no rifts or deep pools however containing some weeds and stones. Roughness Coefficient pertaining to these characteristics is 0.033
B37: Design Discharge = | E37: =C35 -> 899.92993 | F37: =D35 -> CUMECS
A39: Critical Levels
A40: Road top level (RTL) | E40: =ROUND(MAX(E41+E42,F3-'afflux calculation'!B51/2),2) -> 101.6 | G40: M
A41: Average Ground Level(AGL) | E41: 96.6 | G41: M
A42: Average Height Of Bridge | E42: 5 | G42: M
A43: Lowest Nala Bed level (NBL) | E43: =MIN('CROSS SECTION'!B6:B25) -> 96.47 | G43: M
A44: Ordinary flood level (OFL) | E44: =E41+1 -> 97.6 | G44: M
A45: Foundation level (FL) | E45: =E43-3 -> 93.47 | G45: M
A46: Ht. of bridge h= (RTL-NBL) | E46: =E40-E43 -> 5.13 | G46: M
A47: Ht. of bridge H=(RTL-FL) | E47: =E40-E45 -> 8.13 | G47: M
A48: ** Needs Rational Evaluation w.r.t. afflux.
A49: ** Average of GL for points lying below HFL.

Sheet Deck Anchorage
A1: ANCHORAGE OF DECK SLAB TO SUBSTRUCTURE
A2: =HYDRAULICS!A2 -> Name Of Work :- Construction of Submersible Bridge on ON KHERWARA - JAWAS - SUVERI ROAD IN KM 9/000, ACROSS RIVER SOM
B3: In the case of a submersible bridge, the deck slab is near the plane of maximum velocity. To counteract the sliding action due to velocity of flow, loss of weight of slab due to buoyancy, the tilting forces due to eddies and currents and the disturbing forces due to debris or trees floating down the stream , it is necessary to anchor the deck slab to the substructure.
B4: One possible solution to this anchorage is as shown in detailed drawing. The aim in this anchorage is to secure the deck slab to piers or abutments against uplift or lateral thrust and at the same time allow lateral movement due to expansion and contraction due to temperature effects the arrangement will be evident from the sketch given in the detailed drawing.
A5: Check Against Uplift
B6: The uplift force shall be maximum when the flow level is Just at near deck level. | G6: THIS WILL BE IN CASE OF AFFLUX FLOOD LEVEL | L6: ='afflux calculation'!F79 -> 100.83 | M6: M
B7: Total Height | C7: = | D7: ='afflux calculation'!B78 -> 0.23 | E7: M
B8: Maximum Uplift Pressure | C8: = | D8: =D7 -> 0.23 | E8: x | F8: 10 | G8: = | H8: =D8*F8 -> 2.3 | I8: kN/Sqm
B9: Area of Slab under effect of buoyancy | C9: = | D9: ='STABILITY CHECK FOR PIER'!E6 -> 8.8 | E9: x | F9: ='afflux calculation'!C18 -> 12 | G9: = | H9: =D9*F9 -> 105.6 | I9: Sqm
B10: Uplift Force on Slab | C10: = | D10: =H9 -> 105.6 | E10: x | F10: =H8 -> 2.3 | G10: = | H10: =ROUNDUP(D10*F10,2) -> 242.88 | I10: kN
B11: Self Weight of Slab | C11: = | D11: =D9 -> 8.8 | E11: x | F11: =F9 -> 12 | G11: x | H11: 0.75 | I11: x | J11: 24 | K11: = | L11: =D11*F11*H11*J11 -> 1900.8 | M11: kN
B12: Self Weight of Wearing Coat | C12: = | D12: =D11 -> 8.8 | E12: x | F12: =F11 -> 12 | G12: x | H12: 0.075 | I12: x | J12: 24 | K12: = | L12: =D12*F12*H12*J12 -> 190.08 | M12: kN
B13: Footpath | C13: = | D13: 2X10.8 | E13: x | F13: 1.5 | G13: x | H13: 0.5 | I13: x | J13: 0 | K13: = | L13: =2*D12*F13*H13*J13 -> 0 | M13: kN
B14: TOTAL | L14: =SUM(L11:L13) -> 2090.88 | M14: kN
B15: Net Uplift Pressure | C15: = | D15: =H10 -> 242.88 | E15: - | F15: =L14 -> 2090.88 | G15: = | H15: =D15-F15 -> -1848 | I15: kN
H16: < 0 Hence Ok.
A17: Check Against Sliding
B18: Refer Stability Check of Pier
B19: WATER CURRENT IN TRANSVERSE DIRECTION ( ACROSS THE BRIDGE)
B20: As per IRC- II ( 6-1966) clause 213.5 | D20: For V= | E20: ='afflux calculation'!B83 -> 2.67 | F20: m/sec | G20: Maximum velocity being 1.414 x mean velocity | M20: (1.414= Root of 2)
B21: Obstructed Velocity = V Cos 20 0 | C21: = | D21: =E20 -> 2.67 | E21: x | F21: Cos 20 0
C22: = | D22: =D21*COS(20*3.14/180) -> 2.5091409
B23: 2v2 | C23: = | D23: =D22^2*2 -> 12.591576
B24: The soffit of the deck is at HFL | C24: = | D24: ='STABILITY CHECK FOR PIER'!E8 -> 100.6 | E24: ='STABILITY CHECK FOR PIER'!E123 -> M | F24: The afflux Flood Level is | I24: =D24+'afflux calculation'!B78 -> 100.83 | J24: M
B25: DRAG FORCE ON DECK SLAB DUE TO AFFLUX
B26: Area Obstructed | C26: = | D26: =D12 -> 8.8 | E26: x | F26: ='afflux calculation'!B78 -> 0.23 | G26: = | H26: =D26*F26 -> 2.024 | I26: Sqm
B28: Drag Force on Slab | C28: = | D28: 52 | E28: x | F28: k | G28: x | H28: v2 | I28: x | J28: Area Obstructed
C29: = | D29: =D28 -> 52 | E29: x | F29: 1.5 | G29: x | H29: =D23 -> 12.591576 | I29: x | J29: =H26 -> 2.024 | K29: / 100 | L29: = | M29: =D29*F29*H29*J29/100 -> 19.878572 | N29: kN
B31: Dia of Anchor Bars | C31: 32 | D31: mm
B32: Permissible Shear Stress | C32: 190 | D32: N/mm2
B33: Shear Force Resisted by one Anchor Bar = | D33: ( | E33: 0.785 | F33: x | G33: =C31 -> 32 | H33: 2 | I33: /4 )x | J33: =C32 -> 190 | K33: / 1000 | L33: = | M33: =ROUNDUP(E33*C31*C31/4*C32/1000,2) -> 38.19 | N33: kN
B34: Number Of Bars Provided Per slab | C34: 18 | D34: Nos.
B35: Total Shear Resisted | C35: = | D35: =C34 -> 18 | E35: x | F35: =M33 -> 38.19 | G35: = | H35: =D35*F35 -> 687.42 | I35: kN
B36: FACTOR OF SAFETY | C36: = | D36: =H35 -> 687.42 | E36: / | F36: =M29 -> 19.878572 | G36: = | H36: =ROUNDUP(D36/F36,2) -> 34.59
H37: > 2.00 Hence OK

Sheet CROSS SECTION
A1: CROSS SECTION OF RIVER DOWN-STREAM
A2: ='Deck Anchorage'!A2 -> Name Of Work :- Construction of Submersible Bridge on ON KHERWARA - JAWAS - SUVERI ROAD IN KM 9/000, ACROSS RIVER SOM
A3: CROSS SECTION OF RIVER AT PROPOSED BRIDGE SITE
A4: HIGHEST FLOOD LEVEL | F4: =HYDRAULICS!F4 -> 100.6 | G4: M
A5: Chainage in M (u/s or d/s) | B5: RL in M | C5: DEPTH OF FLOW IN M | D5: LENGTH OF FLOW | E5: AVERAGE DEPTH OF FLOW | F5: CROSS SECTIONAL AREA OF FLOW | G5: WETTED PERIMETER
A6: 0 | B6: 102 | C6: =IF(B6>$F$4,0,$F$4-B6) -> 0 | D6: 0 | E6: 0 | F6: 0 | G6: 0
A7: 10 | B7: 100.95 | C7: =IF(B7>$F$4,0,$F$4-B7) -> 0 | D7: =(A7-A6) -> 10 | E7: =(C7+C6)/2 -> 0 | F7: =D7*E7 -> 0 | G7: =(D7^2+(C6-C7)^2)^0.5 -> 10
A8: 20 | B8: 98.19 | C8: =IF(B8>$F$4,0,$F$4-B8) -> 2.41 | D8: =(A8-A7) -> 10 | E8: =(C8+C7)/2 -> 1.205 | F8: =D8*E8 -> 12.05 | G8: =(D8^2+(C7-C8)^2)^0.5 -> 10.286306
A9: 30 | B9: 97.59 | C9: =IF(B9>$F$4,0,$F$4-B9) -> 3.01 | D9: =(A9-A8) -> 10 | E9: =(C9+C8)/2 -> 2.71 | F9: =D9*E9 -> 27.1 | G9: =(D9^2+(C8-C9)^2)^0.5 -> 10.017984
A10: 40 | B10: 97.21 | C10: =IF(B10>$F$4,0,$F$4-B10) -> 3.39 | D10: =(A10-A9) -> 10 | E10: =(C10+C9)/2 -> 3.2 | F10: =D10*E10 -> 32 | G10: =(D10^2+(C9-C10)^2)^0.5 -> 10.007217
A11: 50 | B11: 96.87 | C11: =IF(B11>$F$4,0,$F$4-B11) -> 3.73 | D11: =(A11-A10) -> 10 | E11: =(C11+C10)/2 -> 3.56 | F11: =D11*E11 -> 35.6 | G11: =(D11^2+(C10-C11)^2)^0.5 -> 10.005778
A12: 60 | B12: 97.96 | C12: =IF(B12>$F$4,0,$F$4-B12) -> 2.64 | D12: =(A12-A11) -> 10 | E12: =(C12+C11)/2 -> 3.185 | F12: =D12*E12 -> 31.85 | G12: =(D12^2+(C11-C12)^2)^0.5 -> 10.05923
A13: 70 | B13: 97.12 | C13: =IF(B13>$F$4,0,$F$4-B13) -> 3.48 | D13: =(A13-A12) -> 10 | E13: =(C13+C12)/2 -> 3.06 | F13: =D13*E13 -> 30.6 | G13: =(D13^2+(C12-C13)^2)^0.5 -> 10.035218
A14: 80 | B14: 96.8 | C14: =IF(B14>$F$4,0,$F$4-B14) -> 3.8 | D14: =(A14-A13) -> 10 | E14: =(C14+C13)/2 -> 3.64 | F14: =D14*E14 -> 36.4 | G14: =(D14^2+(C13-C14)^2)^0.5 -> 10.005119
A15: 90 | B15: 96.47 | C15: =IF(B15>$F$4,0,$F$4-B15) -> 4.13 | D15: =(A15-A14) -> 10 | E15: =(C15+C14)/2 -> 3.965 | F15: =D15*E15 -> 39.65 | G15: =(D15^2+(C14-C15)^2)^0.5 -> 10.005444
A16: 100 | B16: 96.49 | C16: =IF(B16>$F$4,0,$F$4-B16) -> 4.11 | D16: =(A16-A15) -> 10 | E16: =(C16+C15)/2 -> 4.12 | F16: =D16*E16 -> 41.2 | G16: =(D16^2+(C15-C16)^2)^0.5 -> 10.00002
A17: 110 | B17: 97.04 | C17: =IF(B17>$F$4,0,$F$4-B17) -> 3.56 | D17: =(A17-A16) -> 10 | E17: =(C17+C16)/2 -> 3.835 | F17: =D17*E17 -> 38.35 | G17: =(D17^2+(C16-C17)^2)^0.5 -> 10.015114
A18: 120 | B18: 97.29 | C18: =IF(B18>$F$4,0,$F$4-B18) -> 3.31 | D18: =(A18-A17) -> 10 | E18: =(C18+C17)/2 -> 3.435 | F18: =D18*E18 -> 34.35 | G18: =(D18^2+(C17-C18)^2)^0.5 -> 10.003125
... A25: 190 | B25: 102 | C25: =IF(B25>$F$4,0,$F$4-B25) -> 0 | D25: =(A25-A24) -> 10 | E25: =(C25+C24)/2 -> 0 | F25: =D25*E25 -> 0 | G25: =(D25^2+(C24-C25)^2)^0.5 -> 10
C27: TOTAL | D27: =SUM(D6:D26) -> 190 | F27: =SUM(F6:F26) -> 490.3 | G27: =SUM(G6:G26) -> 190.70731
A28: =A6 -> 0 | B28: =HYDRAULICS!F4 -> 100.6
A29: =A25 -> 190 | B29: =B28 -> 100.6

Sheet Bed Slope
A1: DETERMINATION OF BED SLOPE OF THE RIVER
A2: ='CROSS SECTION'!A2:J2 -> Name Of Work :- Construction of Submersible Bridge on ON KHERWARA - JAWAS - SUVERI ROAD IN KM 9/000, ACROSS RIVER SOM
A3: Chainage in M (u/s or d/s) | B3: RL in M
A4: 0 | B4: 94.505
A5: 25 | B5: =B4-0.025 -> 94.48
A6: =A5+25 -> 50 | B6: =B5-0.025 -> 94.455
A7: =A6+25 -> 75 | B7: =B6-0.025 -> 94.43
A8: =A7+25 -> 100 | B8: =B7-0.025 -> 94.405
A9: =A8+25 -> 125 | B9: 94.37
A10: =A9+25 -> 150 | B10: 94.36
A11: =A10+25 -> 175 | B11: =B10-0.025 -> 94.335
A12: =A11+25 -> 200 | B12: =B11-0.025 -> 94.31
A13: =A12+25 -> 225 | B13: =B12-0.025 -> 94.285
A14: 235 | B14: =B13-0.025 -> 94.26
D17: Reference Poits
D18: Ch | E18: RL
D19: =A4 -> 0 | E19: =B4 -> 94.505
D20: =A14 -> 235 | E20: =B14 -> 94.26
G22: DISTANCE | I22: =D20-D19 -> 235 | J22: M
G23: FALL | I23: =E19-E20 -> 0.245 | J23: M
G24: SLOPE | H24: 1 | I24: IN | J24: =ROUNDUP(I22/I23,0) -> 960

Sheet SBC
A70: SBC RECOMMENDATION AT 3 M DEPTH IN THE WEATHERED ROCK IS 21.5, 22.45, 21.5 TONNE PER SQUARE METER;
A71: SBC RECOMMENDATION AT 3 M DEPTH IN THE WEATHERED ROCK IS 21.5, 22.45, 21.5 TONNE PER SQUARE METER;
A73: HOWEVER ADOPTED SBC IS
D74: 20 | E74: TONNE PER SQUARE METER
C76: OR | D76: =D74*10 -> 200 | E76: KN PER SQUARE METER
D78: Hard Rock | F78: no

Sheet STABILITY CHECK FOR PIER
A1: DESIGN OF PIER AND CHECK FOR STABILITY- SUBMERSIBLE BRIDGE
A2: ='abstract of stresses'!A2:N2 -> Name Of Work :- Construction of Submersible Bridge on ON KHERWARA - JAWAS - SUVERI ROAD IN KM 9/000, ACROSS RIVER SOM
A3: DESIGN DATA
A5: 1 | B5: RIGHT EFFECTIVE SPAN | D5: = | E5: 7.6 | F5: M | G5: Degree of Skew | K5: Degrees
A6: =A5+1 -> 2 | B6: SPAN C/C OF PIERS | D6: = | E6: =E5+1.2 -> 8.8 | F6: M
A7: =A6+1 -> 3 | B7: OVERALL WIDTH OF PIER CAP | D7: = | E7: 8.4 | F7: M | H7: COS Theta
A8: =A7+1 -> 4 | B8: H.F.L. | D8: = | E8: =HYDRAULICS!F4 -> 100.6 | F8: M
A9: =A8+1 -> 5 | B9: BUOYANCY
A10: =A9+1 -> 6 | C10: AT FOOTING LEVEL | D10: = | E10: 100 | F10: %
A11: =A10+1 -> 7 | C11: AT PIER LEVEL | D11: = | E11: 100 | F11: %
A12: =A11+1 -> 8 | B12: AQUEDUCT FALLS UNDER ZONE-II SO SEISMIC CASE IS NOT GOVERNING HERE.
A13: =A12+1 -> 9 | B13: FLOOD DISCHARGE | D13: = | E13: =HYDRAULICS!C35 -> 899.92993 | F13: CUMECS
A14: =A13+1 -> 10 | B14: RIVER BED SLOPE | D14: = | E14: 1 | F14: IN | G14: =HYDRAULICS!C33 -> 960
A15: =A14+1 -> 11 | B15: DESIGN VELOCITY | D15: = | E15: =HYDRAULICS!C34 -> 1.8354679 | F15: m/sec
A16: =A15+1 -> 12 | B16: BED LEVEL OF THE HEIGHEST PIER | D16: = | E16: =HYDRAULICS!E43 -> 96.47 | F16: M
A17: =A16+1 -> 13 | B17: SAFE BEARING CAPACITY | D17: = | E17: 20 | F17: t/m2 | G17: =E17*10 -> 200 | H17: kN/m2
A18: =A17+1 -> 14 | B18: TOP LEVEL OF FOUNDING ROCK | D18: = | E18: =HYDRAULICS!E45 -> 93.47 | F18: M
A19: =A18+1 -> 15 | B19: EMBEDMENT OF PIER IN HARD ROCK | D19: = | E19: 1.5 | F19: M | G19: Weathered Rock
A20: =A19+1 -> 16 | B20: FOUNDATION LEVEL OF THE HIGHEST PIER | D20: = | E20: =E18-E19 -> 91.97 | F20: M
A21: =A20+1 -> 17 | B21: DECK LEVEL OF THE BRIDGE | D21: = | E21: ='afflux calculation'!B50 -> 101.6 | F21: M
A22: =A21+1 -> 18 | B22: TOP LEVEL OF THE PIER CAP | D22: = | E22: =E21-H27-H28 -> 100.775 | F22: M
A23: =A22+1 -> 19 | B23: LEVEL DIFFERENCE OF PIER CAP TOP AND FOUNDING LEVEL | D23: = | E23: =E22-E20 -> 8.805 | F23: M
A24: =CONCATENATE("CHECKING STABILITY OF PIER AT R.L.",E20," ",F20, " FOOTING LEVEL") -> CHECKING STABILITY OF PIER AT R.L.91.97 M FOOTING LEVEL
A25: A | B25: DEAD LOAD CALCULATION
B26: SUPER STRUCTURE | H26: SLAB 775 TO 925 MM
B27: Self Weight of Slab | C27: = | D27: =E6 -> 8.8 | E27: x | F27: 8.4 | G27: x | H27: 0.75 | I27: x | J27: 24 | K27: = | L27: =D27*F27*H27*J27 -> 1330.56 | M27: kN
B28: Self Weight of Wearing Coat | C28: = | D28: =D27 -> 8.8 | E28: x | F28: 8.4 | G28: x | H28: 0.075 | I28: x | J28: 24 | K28: = | L28: =D28*F28*H28*J28 -> 133.056 | M28: kN
B29: TOTAL | L29: =SUM(L27:L28) -> 1463.616 | M29: kN
B30: SUB STRUCTURE
B31: Pier Cap
B32: Pier Cap | C32: = | D32: 1.5 | E32: x | F32: 8.4 | G32: x | H32: 0.6 | I32: x | J32: 24 | O32: = | P32: =J32*H32*F32*D32 -> 181.44 | Q32: kN
B33: Flared Portion Sides | C33: = | D33: 0.5 | E33: x | F33: 0.15 | G33: x | H33: 0.6 | I33: x | J33: =F32 -> 8.4 | K33: x | L33: 2 | M33: x | N33: 24 | O33: = | P33: =D33*F33*H33*J33*L33*N33 -> 18.144 | Q33: kN
C34: = | D34: 0.5 | E34: x | F34: =F33 -> 0.15 | G34: x | H34: 0.6 | I34: x | J34: 3.14 | K34: x | L34: 1.2 | M34: x | N34: 24 | O34: = | P34: =D34*F34*H34*J34*L34*N34 -> 4.06944 | Q34: kN
B35: Flared Portion u/s & d/s Sides | C35: = | D35: 0.6 | E35: x | F35: 0.6 | G35: x | H35: 1.5 | I35: x | J35: 24 | O35: = | P35: =J35*H35*F35*D35 -> 12.96 | Q35: kN
C36: = | D36: 3.14 | E36: / | F36: 4 | G36: x | H36: 1.2 | I36: x | J36: 1.2 | K36: x | L36: 0.6 | M36: x | N36: 24 | O36: = | P36: =D36/F36*H36*J36*L36*N36 -> 16.27776 | Q36: kN
B37: TOTAL | P37: =SUM(P32:P36) -> 232.8912 | Q37: kN
B38: Pier
B39: Flared Portion Top | C39: = | D39: 0.5 | E39: x | F39: =F33 -> 0.15 | G39: x | H39: 0.6 | I39: x | J39: =F32 -> 8.4 | K39: x | L39: 2 | M39: x | N39: 24 | O39: = | P39: =D39*F39*H39*J39*L39*N39 -> 18.144 | Q39: kN
C40: = | D40: 0.5 | E40: x | F40: =F34 -> 0.15 | G40: x | H40: 0.6 | I40: x | J40: 3.14 | K40: x | L40: =L34 -> 1.2 | M40: x | N40: 24 | O40: = | P40: =D40*F40*H40*J40*L40*N40 -> 4.06944 | Q40: kN
B41: Pier Rectangular portion | C41: = | D41: 1.2 | E41: x | F41: 7.5 | G41: x | H41: =E23-1.2-0.6-1.05 -> 5.955 | I41: x | J41: 24 | O41: = | P41: =J41*H41*F41*D41 -> 1286.28 | Q41: kN
B42: Pier Curved portion | C42: = | D42: 3.14 | E42: / | F42: 4 | G42: x | H42: =D41 -> 1.2 | I42: x | J42: =D41 -> 1.2 | K42: x | L42: =H41 -> 5.955 | M42: x | N42: 24 | O42: = | P42: =D42/F42*H42*J42*L42*N42 -> 161.55677 | Q42: kN
B43: Flared Portion U/S & D/S Sides | C43: = | D43: 0.5 | E43: x | F43: 0.3 | G43: x | H43: 0.6 | I43: x | J43: 3.14 | K43: x | L43: 0.8 | M43: x | N43: 24 | O43: = | P43: =D43*F43*H43*J43*L43*N43 -> 5.42592 | Q43: kN
B44: Flared Portion bottom | C44: = | D44: 0.5 | E44: x | F44: 0.6 | G44: x | H44: =F43 -> 0.3 | I44: x | J44: 24 | O44: = | P44: =J44*H44*F44*D44 -> 2.16 | Q44: kN
C45: = | D45: 3.14 | E45: / | F45: 4 | G45: x | H45: 1.2 | I45: x | J45: 1.2 | K45: x | L45: 0.6 | M45: x | N45: 24 | O45: = | P45: =D45/F45*H45*J45*L45*N45 -> 16.27776 | Q45: kN
B46: TOTAL | P46: =SUM(P39:P45) -> 1493.9139 | Q46: kN
B48: Weight of Pier Above H.F.L. | C48: = | P48: 0 | Q48: kN
B49: Weight of Pier Below H.F.L. | C49: = | D49: =P46 -> 1493.9139 | E49: - | F49: =P48 -> 0 | O49: = | P49: =P46-P48 -> 1493.9139 | Q49: kN
B51: Weight of Sub Structure with 15% Buoyancy | C51: = | D51: =P48 -> 0 | E51: + ( | F51: =P49 -> 1493.9139 | G51: x | H51: 22.5 | I51: / | J51: 24 | K51: ) | O51: = | P51: =P48+P49*2.25/2.4 -> 1400.5443 | Q51: kN
B52: Footing | D52: SIZE | E52: ='STABILITY CHECK FOR PIER'!E7+2*(M63+M64+M65) -> 12 | F52: M x | G52: ='afflux calculation'!B62+2*(M63+M64+M66) -> 3.8 | H52: M x | J52: 1 | K52: M
B53: Weight without Buoyancy | C53: = | D53: =E52 -> 12 | E53: x | F53: =G52 -> 3.8 | G53: x | H53: =J52 -> 1 | I53: x | J53: 24 | O53: = | P53: =J53*H53*F53*D53 -> 1094.4 | Q53: kN
B54: Weight with 100% Buoyancy | C54: = | D54: =D53 -> 12 | E54: =E53 -> x | F54: =F53 -> 3.8 | G54: =G53 -> x | H54: =H53 -> 1 | I54: =I53 -> x | J54: 14 | O54: =O53 -> = | P54: =J54*H54*F54*D54 -> 638.4 | Q54: =Q53 -> kN
B55: Total Weight of Substructure Without Buoyancy
C56: = | D56: =P37 -> 232.8912 | E56: + | F56: =P46 -> 1493.9139 | G56: + | H56: =P53 -> 1094.4 | O56: = | P56: =H56+F56+D56 -> 2821.2051 | Q56: kN
B57: Flared Portion U/S & D/S Sides | C57: = | D57: 0.5 | E57: x | F57: 0.3 | G57: x | H57: 0.6 | I57: x | J57: 3.14 | K57: x | L57: 0.8 | M57: x | N57: 24 | O57: = | P57: =D57*F57*H57*J57*L57*N57 -> 5.42592 | Q57: kN
B58: Total Weight of Substructure With Buoyancy
C59: = | D59: =D56 -> 232.8912 | E59: + | F59: =P51 -> 1400.5443 | G59: + | H59: =P54 -> 638.4 | O59: = | P59: =H59+F59+D59 -> 2271.8355 | Q59: kN
A61: B | B61: LIVE LOAD CALCULATION
B62: Maximum Reaction due Live Load including Impact | C62: = | D62: =F63 -> 788.26635 | E62: x | F62: 1 | G62: = | H62: =D62*F62 -> 788.26635 | J62: kN
B63: Refer Live load Computation sheet showing maximum reaction | C63: = | D63: ='LL-ABSTRACT'!H2 -> 78.826635 | E63: T which is = | F63: =D63*10 -> 788.26635 | G63: kN | L63: Haunch | M63: 0.6 | N63: M
L64: PCC Offset | M64: 0.2 | N64: M
B65: TOTAL LONGITUDINAL MOMENT DUE TO LIVE LOAD & BREAKING FORCE | L65: Length Variant | M65: 1 | N65: M
B66: Maximum Longitudinal moment due to Live Load including Impact and Breaking Force | C66: = | D66: =F68 -> 122.12666 | E66: x | F66: 2 | G66: = | H66: =D66*F66 -> 244.25332 | J66: kN-m | L66: Width Variant | M66: =M65/2 -> 0.5 | N66: M
B67: Refer Live load Computation sheet showing maximum reaction | C67: = | D67: ='LL-ABSTRACT'!H4 -> 12.212666 | E67: T- m
E68: which is = | F68: =D67*10 -> 122.12666 | G68: kN-m | M68: ='abstract of stresses'!D9 -> 138.6611 | N68: Stress
M69: ='abstract of stresses'!F9 -> 59.56554
B70: TOTAL TRANSVERSE MOMENT DUE TO LIVE LOAD & BREAKING FORCE
B71: Maximum Transverse moment due to Live Load including Impact and Breaking Force | C71: = | D71: =F73 -> 1123.9406 | E71: x | F71: 2 | G71: = | H71: =D71*F71 -> 2247.8812 | J71: kN-m
B72: Refer Live load Computation sheet showing maximum reaction | C72: = | D72: ='LL-ABSTRACT'!H6 -> 112.39406 | E72: T- m
E73: which is = | F73: =D72*10 -> 1123.9406 | G73: kN-m
A75: C | B75: LOADS DUE TO WATER CURRENT
B76: WATER CURRENT IN LONGITUDINAL DIRECTION ( ALONG THE BRIDGE)
B77: As per IRC- II ( 6-1966) clause 213.5 | D77: For V= | E77: =E15 -> 1.8354679 | F77: =F15 -> m/sec
B78: Since the bridge is at Zero Degrees skew from the direction of current as per IRC- II ( 6-1966) clause 213.5 it should be designed for (20+0) =20 Degrees or (20-0) = 20 Degrees whichever gives higher quantum of water current forces.
B79: Obstructed Velocity = V Sin 20 0 | C79: = | D79: =E77 -> 1.8354679 | E79: x | F79: Sin 20 0 | H79: Obstructed Velocity = V Sin 10 Degrees | K79: = | M79: x | N79: Sin 10 Degrees
C80: = | D80: =D79*SIN(20*3.14/180) -> 0.62746178 | K80: =
B81: 2v2 | C81: = | D81: =D80^2*2 -> 0.78741657 | J81: 2v2 | K81: =
B82: Total SUBMERGED Height | C82: = | D82: =E8-E18 -> 7.13 | E82: M | F82: =D81 -> 0.78741657 | G82: =$F$82*($D$82-0.975)/$D$82 -> 0.6797404 | H82: =$F$82*($D$82-1.1)/$D$82 -> 0.66593576 | J82: 0
B83: =_xlfn.CONCAT("FORCE ON DECK SLAB BETWEEN Deck Level ",$E$21," M to Soffit Level ",$E$21-'Deck Anchorage'!$H$11-'Deck Anchorage'!$H$12, " M") -> #NAME?
B84: 2v2 | C84: = ( | D84: =F82 -> 0.78741657 | E84: + | F84: =G82 -> 0.6797404 | G84: ) /2 = | H84: =(D84+F84)/2 -> 0.73357848 | L84: DECK LEVEL | M84: SOFFIT LEVEL
B85: Area Obstructed | C85: = | D85: ='afflux calculation'!C18 -> 12 | E85: x | F85: 0 | G85: = | H85: =D85*F85 -> 0 | I85: Sqm
B87: Force on Pier | C87: = | D87: 52 | E87: x | F87: k | G87: x | H87: v2 | I87: x | J87: Area Obstructed
C88: = | D88: =D87 -> 52 | E88: x | F88: 1.5 | G88: x | H88: =H84 -> 0.73357848 | I88: x | J88: =H85 -> 0 | K88: / 100 | L88: = | M88: =D88*F88*H88*J88/100 -> 0 | N88: kN | O88: at R.L. | P88: =$E$21-('Deck Anchorage'!$H$11+'Deck Anchorage'!$H$12)/2 -> 101.1875 | Q88: M
B89: Moment @ R. L. | D89: =D90+0.6 -> 93.57 | E89: M = | F89: =$M$88 -> 0 | G89: x | H89: =$P$88-D89 -> 7.6175 | I89: = | J89: =F89*H89 -> 0 | K89: kN-m | N89: (Mid-height of deck slab)
B90: Moment @ R. L. | D90: =D91+1 -> 92.97 | E90: M = | F90: =$M$88 -> 0 | G90: x | H90: =$P$88-D90 -> 8.2175 | I90: = | J90: =F90*H90 -> 0 | K90: kN-m
B91: Moment @ R. L. | D91: =$E$20 -> 91.97 | E91: M = | F91: =$M$88 -> 0 | G91: x | H91: =$P$88-D91 -> 9.2175 | I91: = | J91: =F91*H91 -> 0 | K91: kN-m
B92: =_xlfn.CONCAT("FORCE ON PIER CAP BETWEEN ",$E$21-'Deck Anchorage'!$H$11-'Deck Anchorage'!$H$12," M to Soffit Level ",$E$21-'Deck Anchorage'!$H$11-'Deck Anchorage'!$H$12-$F$94, " M") -> #NAME?
B93: 2v2 | C93: = ( | D93: =G82 -> 0.6797404 | E93: + | F93: =H82 -> 0.66593576 | G93: ) /2 = | H93: =(D93+F93)/2 -> 0.67283808 | L93: SOFFIT LEVEL | M93: CAP BOTTOM
B94: Area Obstructed | C94: = | D94: =D85 -> 12 | E94: x | F94: 0.6 | G94: = | H94: =D94*F94 -> 7.2 | I94: Sqm
B96: Force on Pier | C96: = | D96: 52 | E96: x | F96: k | G96: x | H96: v2 | I96: x | J96: Area Obstructed
C97: = | D97: =D96 -> 52 | E97: x | F97: 1.5 | G97: x | H97: =H93 -> 0.67283808 | I97: x | J97: =H94 -> 7.2 | K97: / 100 | L97: = | M97: =D97*F97*H97*J97/100 -> 3.7786586 | N97: kN | O97: at R.L. | P97: =$E$21-'Deck Anchorage'!$H$11-'Deck Anchorage'!$H$12-$F$94/2 -> 100.475 | Q97: M
B98: Moment @ R. L. | D98: =D99+0.6 -> 93.57 | E98: M = | F98: =$M$97 -> 3.7786586 | G98: x | H98: =$P$97-D98 -> 6.905 | I98: = | J98: =F98*H98 -> 26.091638 | K98: kN-m | N98: (Mid-height of pier cap)
B99: Moment @ R. L. | D99: =D100+1 -> 92.97 | E99: M = | F99: =$M$97 -> 3.7786586 | G99: x | H99: =$P$97-D99 -> 7.505 | I99: = | J99: =F99*H99 -> 28.358833 | K99: kN-m
B100: Moment @ R. L. | D100: =$E$20 -> 91.97 | E100: M = | F100: =$M$97 -> 3.7786586 | G100: x | H100: =$P$97-D100 -> 8.505 | I100: = | J100: =F100*H100 -> 32.137492 | K100: kN-m
B101: =_xlfn.CONCAT("FORCE ON PIER BETWEEN ",$E$21-'Deck Anchorage'!$H$11-'Deck Anchorage'!$H$12-$F$94," M to ",$E$20+$E$19, " M") -> #NAME?
B102: 2v2 | C102: = ( | D102: =H82 -> 0.66593576 | E102: + | F102: 0 | G102: ) /2 = | H102: =(D102+F102)/2 -> 0.33296788 | L102: CAP BOTTOM | M102: Footing Top
B103: Area Obstructed | C103: = | D103: =98.925-91.59 -> 7.335 | E103: x | F103: =F41+1.2 -> 8.7 | G103: = | H103: =D103*F103 -> 63.8145 | I103: Sqm
B105: Force on Pier | C105: = | D105: 52 | E105: x | F105: k | G105: x | H105: v2 | I105: x | J105: Area Obstructed
C106: = | D106: =D105 -> 52 | E106: x | F106: 1.5 | G106: x | H106: =H102 -> 0.33296788 | I106: x | J106: =H103 -> 63.8145 | K106: / 100 | L106: = | M106: =D106*F106*H106*J106/100 -> 16.573579 | N106: kN | O106: at R.L. | P106: =(($E$21-'Deck Anchorage'!$H$11-'Deck Anchorage'!$H$12-$F$94)+($E$20+$E$19))/2 -> 96.8225 | Q106: M
B107: Moment @ R. L. | D107: =D108+0.6 -> 93.57 | E107: M = | F107: =$M$106 -> 16.573579 | G107: x | H107: =$P$106-D107 -> 3.2525 | I107: = | J107: =F107*H107 -> 53.905567 | K107: kN-m | N107: (Mid-height of pier body)
B108: Moment @ R. L. | D108: =D109+J52 -> 92.97 | E108: M = | F108: =$M$106 -> 16.573579 | G108: x | H108: =$P$106-D108 -> 3.8525 | I108: = | J108: =F108*H108 -> 63.849715 | K108: kN-m
...

Sheet abstract of stresses
A1: ABSTRACT OF BASE PRESSURE AND STRESSES
A2: ='afflux calculation'!A2:H2 -> Name Of Work :- Construction of Submersible Bridge on ON KHERWARA - JAWAS - SUVERI ROAD IN KM 9/000, ACROSS RIVER SOM
A3: ='STABILITY CHECK FOR PIER'!B198 -> CASE- 1 FOR SERVICE CONDITION AT R. L.91.97 M | I3: ='STABILITY CHECK FOR PIER'!D216 -> 137.44144 | J3: ='STABILITY CHECK FOR PIER'!D219 -> 60.96724 | K3: ='STABILITY CHECK FOR PIER'!D225 -> 137.48902 | L3: ='STABILITY CHECK FOR PIER'!D228 -> 73.014819
A4: ='STABILITY CHECK FOR PIER'!B231 -> CASE- 2 FOR IDLE CONDITION AT R. L.91.97 M | I4: ='STABILITY CHECK FOR PIER'!D242 -> 87.049549 | J4: ='STABILITY CHECK FOR PIER'!D245 -> 76.786042 | K4: ='STABILITY CHECK FOR PIER'!D251 -> 99.097128 | L4: ='STABILITY CHECK FOR PIER'!D254 -> 88.833621
A5: ='STABILITY CHECK FOR PIER'!B257 -> CASE- 3 FOR WIND FORCE AT SERVICE CONDITION AT R. L.91.97 M | I5: ='STABILITY CHECK FOR PIER'!$D270 -> 138.61352 | J5: ='STABILITY CHECK FOR PIER'!$D273 -> 59.795159 | K5: ='STABILITY CHECK FOR PIER'!$D279 -> 138.6611 | L5: ='STABILITY CHECK FOR PIER'!$D282 -> 71.842739
A6: ='STABILITY CHECK FOR PIER'!B285 -> CASE- 4 FOR WIND FORCE AT IDLE CONDITION AT R. L.91.97 M | I6: ='STABILITY CHECK FOR PIER'!$D298 -> 88.221629 | J6: ='STABILITY CHECK FOR PIER'!$D301 -> 75.613961 | K6: ='STABILITY CHECK FOR PIER'!$D304 -> 83.40903 | L6: ='STABILITY CHECK FOR PIER'!$D307 -> 80.426561 | M6: ='STABILITY CHECK FOR PIER'!$D312 -> 100.26921 | N6: ='STABILITY CHECK FOR PIER'!$D315 -> 87.661541
A7: ='STABILITY CHECK FOR PIER'!B319 -> CASE- 5 FOR ONE SPAN DISLODGED CONDITION AT R. L.91.97 M | I7: ='STABILITY CHECK FOR PIER'!$D332 -> 72.173208 | J7: ='STABILITY CHECK FOR PIER'!$D335 -> 59.56554 | K7: ='STABILITY CHECK FOR PIER'!$D337 -> 67.360609 | L7: ='STABILITY CHECK FOR PIER'!$D340 -> 64.37814 | M7: ='STABILITY CHECK FOR PIER'!$D345 -> 77.916954 | N7: ='STABILITY CHECK FOR PIER'!$D349 -> 74.01942
C9: Maximum | D9: =MAX(I3:N7) -> 138.6611 | F9: =MIN(I3:N7) -> 59.56554 | G9: Minimum
A11: ='STABILITY CHECK FOR PIER'!B356 -> CASE- 6 FOR SERVICE CONDITION AT R. L.92.97 M | I11: ='STABILITY CHECK FOR PIER'!$D374 -> 463.22984 | J11: ='STABILITY CHECK FOR PIER'!$D377 -> 76.397639 | K11: ='STABILITY CHECK FOR PIER'!$D383 -> 469.71384 | L11: ='STABILITY CHECK FOR PIER'!$D386 -> 82.881641
A12: ='STABILITY CHECK FOR PIER'!B388 -> CASE- 7 FOR IDLE CONDITION AT R. L.92.97 M | I12: ='STABILITY CHECK FOR PIER'!$D399 -> 245.62751 | J12: ='STABILITY CHECK FOR PIER'!$D402 -> 184.51853 | K12: ='STABILITY CHECK FOR PIER'!$D408 -> 252.11151 | L12: ='STABILITY CHECK FOR PIER'!$D411 -> 191.00253
A13: ='STABILITY CHECK FOR PIER'!B414 -> CASE- 8 FOR WIND FORCE AT SERVICE CONDITION AT R. L.92.97 M | I13: ='STABILITY CHECK FOR PIER'!$D427 -> 466.74006 | J13: ='STABILITY CHECK FOR PIER'!$D430 -> 72.88742 | K13: ='STABILITY CHECK FOR PIER'!$D436 -> 473.22406 | L13: ='STABILITY CHECK FOR PIER'!$D439 -> 79.371421
A14: ='STABILITY CHECK FOR PIER'!B442 -> CASE- 9 FOR WIND FORCE AT IDLE CONDITION AT R. L.92.97 M | I14: ='STABILITY CHECK FOR PIER'!$D455 -> 303.87845 | J14: ='STABILITY CHECK FOR PIER'!$D458 -> 235.74903 | K14: ='STABILITY CHECK FOR PIER'!$D464 -> 310.36245 | L14: ='STABILITY CHECK FOR PIER'!$D467 -> 242.23303
C16: Maximum | D16: =MAX(I11:N14) -> 473.22406 | F16: =MIN(I11:N14) -> 72.88742 | G16: Minimum

Sheet STEEL IN FLARED  PIER BASE 
A1: REINFORCEMENT CALCULATION IN PIER IN LOWER FLARED PORTION
A2: ='STABILITY CHECK FOR PIER'!A2:Q2 -> Name Of Work :- Construction of Submersible Bridge on ON KHERWARA - JAWAS - SUVERI ROAD IN KM 9/000, ACROSS RIVER SOM
B3: R.L. | C3: ='STABILITY CHECK FOR PIER'!E20+'STABILITY CHECK FOR PIER'!J52 -> 92.97 | D3: M TO | E3: =C3+0.6 -> 93.57 | F3: M
A4: FOR SERVICE CONDITION
B5: VERTICAL LOADS
B6: ='STABILITY CHECK FOR PIER'!B201 -> SUPER STRUCTURE | C6: ='STABILITY CHECK FOR PIER'!C201 -> = | D6: ='STABILITY CHECK FOR PIER'!D359 -> 1463.616 | E6: ='STABILITY CHECK FOR PIER'!E201 -> kN
B7: ='STABILITY CHECK FOR PIER'!B202 -> SUB STRUCTURE | C7: ='STABILITY CHECK FOR PIER'!C202 -> = | D7: ='STABILITY CHECK FOR PIER'!D360 -> 1726.8051 | E7: ='STABILITY CHECK FOR PIER'!E202 -> kN | F7: ='STABILITY CHECK FOR PIER'!F202 -> Without Buoyancy
B8: ='STABILITY CHECK FOR PIER'!B203 -> SUB STRUCTURE | C8: ='STABILITY CHECK FOR PIER'!C203 -> = | D8: ='STABILITY CHECK FOR PIER'!D361 -> 1633.4355 | E8: ='STABILITY CHECK FOR PIER'!E203 -> kN | F8: ='STABILITY CHECK FOR PIER'!F203 -> With Buoyancy
B9: ='STABILITY CHECK FOR PIER'!B204 -> LIVE LOAD | C9: ='STABILITY CHECK FOR PIER'!C204 -> = | D9: ='STABILITY CHECK FOR PIER'!D362 -> 788.26635 | E9: ='STABILITY CHECK FOR PIER'!E204 -> kN
B10: ='STABILITY CHECK FOR PIER'!B205 -> Total Load without Buoyancy | C10: ='STABILITY CHECK FOR PIER'!C205 -> = | D10: ='STABILITY CHECK FOR PIER'!D363 -> 3978.6874 | E10: ='STABILITY CHECK FOR PIER'!E205 -> kN
B11: ='STABILITY CHECK FOR PIER'!B206 -> Total Load with Buoyancy | C11: ='STABILITY CHECK FOR PIER'!C206 -> = | D11: ='STABILITY CHECK FOR PIER'!D364 -> 3885.3178 | E11: ='STABILITY CHECK FOR PIER'!E206 -> kN
B12: ='STABILITY CHECK FOR PIER'!B422 -> Total LONGITUDINAL MOMENT
B13: Moment @ R. L. | C13: =C15 -> 92.97 | D13: =D15 -> M = | E13: ='STABILITY CHECK FOR PIER'!$J$422 -> 324.25052 | F13: ='STABILITY CHECK FOR PIER'!K115 -> kN-m
B14: ='STABILITY CHECK FOR PIER'!B423 -> Total TRANSVERSE MOMENT
B15: Moment @ R. L. | C15: ='STABILITY CHECK FOR PIER'!D155 -> 92.97 | D15: ='STABILITY CHECK FOR PIER'!E155 -> M = | E15: ='STABILITY CHECK FOR PIER'!$J$423 -> 2428.9727 | F15: ='STABILITY CHECK FOR PIER'!K156 -> kN-m
B16: =[1]TROUGH!A21 -> CONCRETE MIX | D16: M-25
B17: =[1]TROUGH!A22 -> CHARACTERISTIC STRENGTH OF REINFORCEMENT | F17: =[1]TROUGH!F22 -> 415 | G17: =[1]TROUGH!G22 -> N/mm2
B18: =[1]TROUGH!A23 -> PERMISSIBLE STRESSES
B19: =[1]TROUGH!B24 -> IN STEEL | D19: 190
B20: =[1]TROUGH!B31 -> IN CONCRETE
B21: CHARACTERISTIC STRENGTH OF Concrete | D21: fck | E21: = | F21: 30 | G21: N/mm2
B22: =[1]TROUGH!B32 -> Permissible Compressive Stress in Bending | D22: =[1]TROUGH!C32 -> σcbc | E22: =[1]TROUGH!D32 -> = | F22: 8 | G22: =[1]TROUGH!F32 -> N/mm2
B23: =[1]TROUGH!B33 -> Permissible Compressive Stress in Direct Compression | D23: =[1]TROUGH!C33 -> σcc | E23: =[1]TROUGH!D33 -> = | F23: =[1]TROUGH!E33 -> 8 | G23: =[1]TROUGH!F33 -> N/mm2
D24: =[1]TROUGH!C34 -> σct | E24: =[1]TROUGH!D34 -> = | F24: =[1]TROUGH!E34 -> 3.6 | G24: =[1]TROUGH!F34 -> N/mm2
B25: Ultimate Axial Load PU | C25: = | D25: 1.5 | E25: X | F25: =D10 -> 3978.6874 | G25: = | H25: =D25*F25 -> 5968.0312 | I25: kN
B26: Ultimate Longitudinal Moment MU | C26: = | D26: 1.5 | E26: X | F26: =E13 -> 324.25052 | G26: = | H26: =D26*F26 -> 486.37578 | I26: kN-m
B27: Ultimate Transverse Moment MU | C27: = | D27: 1.5 | E27: X | F27: =E15 -> 2428.9727 | G27: = | H27: =D27*F27 -> 3643.4591 | I27: kN-m
B28: INCREASE WHEN WIND CONDITION IS CONSIDERED | F28: 33.33 | G28: %
B29: Neglecting area of Cut and Ease water parts Rectangular Section considered is
C30: ='STEEL IN PIER'!C30+(2*'STABILITY CHECK FOR PIER'!M63) -> 12001.2 | D30: mm x | E30: ='STEEL IN PIER'!E30++(2*'STABILITY CHECK FOR PIER'!M63) -> 1201.2 | F30: mm
C31: Assume cover as | D31: 75
B32: d1/d | C32: = | D32: =D31+C51/2 -> 87.5 | E32: / | F32: =E30 -> 1201.2 | G32: = | H32: =D32/F32 -> 0.072843823
B33: PU/(fck b d) | C33: = | D33: =H25 -> 5968.0312 | E33: x | F33: 1000 | G33: / ( | H33: =$F$21 -> 30 | I33: x | J33: =$C$30 -> 12001.2 | K33: x | L33: =$E$30 -> 1201.2 | M33: )
C34: = | D34: =D33*F33/(H33*J33*L33) -> 0.013799706
B35: FOR LONGITUDINAL MOMENT
B36: Mu/(fck b d2) | C36: = | D36: =H26 -> 486.37578 | E36: =E33 -> x | F36: =$F$33*1000 -> 1000000 | G36: / ( | H36: =$F$21 -> 30 | I36: x | J36: =$C$30 -> 12001.2 | K36: x | L36: =$E$30 -> 1201.2 | M36: 2 )
C37: = | D37: =D36*F36/(H36*J36*L36^2) -> 0.00093625763
B38: Refer Chart 31 & 32 of Design Aids for Reinforced concrete SP-16 the point lies below the range of applicability. Hence provide minimum percentage of steel.
B39: The point lies below the range of applicability. Hence provide minimum percentage of steel
B40: CRITERIA 1 FOR MINIMUM STEEL Pt = 0.8 % OF CROSS SECTION AREA OF COLUMN REQUIRED FOR COMPRESSION
B42: Area Required due to Compression = | D42: =$D$11 -> 3885.3178 | E42: =E33 -> x | F42: =F33 -> 1000 | G42: / | H42: =$F$22 -> 8
C43: = | D43: =D42*F42/H42 -> 485664.73 | E43: mm2
B44: Area of steel @ 0.8% = | C44: =0.8 -> 0.8 | D44: x | E44: =D43 -> 485664.73 | F44: / | G44: 100
C45: = | D45: =C44*E44/100 -> 3885.3178 | E45: mm2
B47: CRITERIA 2 FOR MINIMUM STEEL Pt = 0.3 % OF GROSS SECTION AREA OF COLUMN
B48: Area of steel @ 0.3% = | C48: 0.3 | D48: x | E48: =$C$30 -> 12001.2 | F48: x | G48: =$E$30 -> 1201.2 | H48: / | I48: 100
C49: = | D49: =C48*E48*G48/100 -> 43247.524 | E49: mm2
B50: PROVIDE STEEL AREA | C50: = | D50: =D49 -> 43247.524 | E50: mm2
B51: NO. OF | C51: 25 | D51: MM BARS | E51: = | F51: =D50/(0.785*C51^2) -> 88.14782 | G51: Nos.
B52: SPACING | C52: = | D52: =ROUNDDOWN((2*(E48+G48)/F51),-1) -> 290 | E52: MM
B53: FOR TRANSVERSE MOMENT
B55: Mu/(fck b d2) | C55: = | D55: =H27 -> 3643.4591 | E55: =E36 -> x | F55: =$F$33*1000 -> 1000000 | G55: =G36 -> / ( | H55: =$F$21 -> 30 | I55: =I36 -> x
E56: =$C$30 -> 12001.2 | F56: x | G56: =$E$30 -> 1201.2 | H56: 2 )
C57: = | D57: =D55*F55/(H55*E56*G56^2) -> 0.0070135407
B58: Refer Chart 31 & 32 of Design Aids for Reinforced concrete SP-16 the point lies below the range of applicability. Hence provide minimum percentage of steel.
B59: TRANSVERSE REINFORCEMENT
B60: Shear Force to be resisted by the pier In Accordance to IS 1893
C61: =E15 -> 2428.9727 | D61: / | E61: =102+1.2+0.925/2-91.79 -> 11.8725 | F61: = | G61: =C61/E61 -> 204.58814 | H61: kN
A62: Check for Shear
B63: Nominal Shear Stress = | C63: =G61 -> 204.58814 | D63: x | E63: 1000 | F63: / ( | G63: =E56 -> 12001.2 | H63: x | I63: =G56 -> 1201.2 | J63: )
C64: = | D64: =C63*E63/(G63*I63) -> 0.014191897 | E64: N/mm2
B65: Pt | C65: =F51*0.785*C51^2/(E56*G56)*100 -> 0.3
B66: Permissible Shear Stress = | C66: 0.4 | D66: N/mm2 | E66: Refer table 61
B67: Nominal Shear Reinforcement will suffice
B68: According to IRC 21-1987 Clause 306.3
B69: Dia of Transverse Reinforcement | C69: = | D69: =C51 -> 25 | E69: / | F69: 4 | G69: = | H69: =D69/F69 -> 6.25 | I69: mm
B70: Provide | C70: 12 | D70: mm dia rings
B71: Pitch of the Transverse should be least of
B72: a) Least lateral Dimension = | C72: =I63 -> 1201.2 | D72: mm
B73: b) 12 d = | C73: 12 | D73: x | E73: =C70 -> 12 | F73: = | G73: =C73*E73 -> 144 | H73: mm
B74: c) 300 mm = | C74: 300 | D74: mm
B75: d) As per IS IS 13920:1993 Cl. 7.4.6 | C75: < or = | D75: 100 | E75: mm
B76: Provide | C76: =C70 -> 12 | D76: mm dia rings @ | F76: 100 | G76: mm c/c.
B77: This spacing is in accordance to IS 13920:1993 Cl. 7.4.6
B78: CODE OF PRACTICE FOR DUCTILE DETAILING OF REINFORCED CONCRETE STRUCTURES SUBJECTED TO SEISMIC FORCES
B79: Check for Size of Hoop Reinforcement | D79: Refer IS 13920:1993 Cl. 7.4.8
C80: Ash= 0.18 Sh (Fck/Fy)x(Ag/Ak-1)
B81: S | C81: = | D81: =F76 -> 100 | E81: mm
B82: h | C82: = | D82: 300 | E82: N/mm2 | F82: (Spacing of long. bars+ effective cover) or 300 mm whichever is less
B83: Fck | C83: = | D83: 30 | E83: N/mm2 | H83: Cover 75 mm to main reinforcement
B84: Fy | C84: = | D84: 415 | E84: N/mm2
B85: Ag | C85: = | D85: =G48*1 -> 1201.2 | E85: mm2 | F85: Considering 1 mm Wide Pier
B86: Ak | C86: = | D86: =D85-2*(75-C51/2-C76) -> 1100.2 | E86: mm2 | F86: Considering 1 mm Wide Pier Effective
B87: Hence Ash | C87: = | D87: =0.18*D81*D82*(D83/D84)*(D85/D86-1) -> 35.835763 | E87: mm2
B88: Ash ProvideD | C88: = | D88: =0.785*C76^2 -> 113.04 | E88: mm2 | F88: Which is OK
B89: d) As per IS IS 13920:1993 Cl. 7.4.6 | C89: < or = | D89: 100 | E89: mm
B90: Provide | C90: =C70 -> 12 | D90: mm dia rings @ | F90: 100 | G90: mm c/c.
B91: This spacing is in accordance to IS 13920:1993 Cl. 7.4.6
B92: CODE OF PRACTICE FORDUCTILE DETAILING OF REINFORCED CONCRETE STRUCTURES SUBJECTED TO SEISMIC FORCES
B93: ABSTRACT
B94: LONGITUDINAL REINFORCEMENT | C94: =C51 -> 25 | D94: MM BARS | E94: =D52 -> 290 | F94: MM | G94: However Adopt spacing as 250 mm
B95: TRANSVERSE REINFORCEMENT | C95: =CONCATENATE(" ",C90,D90,F90,G90) -> 12mm dia rings @100mm c/c.

Sheet STEEL IN PIER
A1: REINFORCEMENT CALCULATION IN PIER
A2: ='STEEL IN FLARED PIER BASE '!A2:O2 -> Name Of Work :- Construction of Submersible Bridge on ON KHERWARA - JAWAS - SUVERI ROAD IN KM 9/000, ACROSS RIVER SOM
B3: R.L. | C3: ='STEEL IN FLARED PIER BASE '!E3 -> 93.57 | D3: M TO | E3: =102-1.2 -> 100.8 | F3: M
A4: FOR SERVICE CONDITION
B5: VERTICAL LOADS
B6: ='STABILITY CHECK FOR PIER'!B201 -> SUPER STRUCTURE | C6: ='STABILITY CHECK FOR PIER'!C201 -> = | D6: ='STABILITY CHECK FOR PIER'!D201 -> 1463.616 | E6: ='STABILITY CHECK FOR PIER'!E201 -> kN
B7: ='STABILITY CHECK FOR PIER'!B202 -> SUB STRUCTURE | C7: ='STABILITY CHECK FOR PIER'!C202 -> = | D7: ='STABILITY CHECK FOR PIER'!D202 -> 2821.2051 | E7: ='STABILITY CHECK FOR PIER'!E202 -> kN | F7: ='STABILITY CHECK FOR PIER'!F202 -> Without Buoyancy
B8: ='STABILITY CHECK FOR PIER'!B203 -> SUB STRUCTURE | C8: ='STABILITY CHECK FOR PIER'!C203 -> = | D8: ='STABILITY CHECK FOR PIER'!D203 -> 2271.8355 | E8: ='STABILITY CHECK FOR PIER'!E203 -> kN | F8: ='STABILITY CHECK FOR PIER'!F203 -> With Buoyancy
B9: ='STABILITY CHECK FOR PIER'!B204 -> LIVE LOAD | C9: ='STABILITY CHECK FOR PIER'!C204 -> = | D9: ='STABILITY CHECK FOR PIER'!D204 -> 788.26635 | E9: ='STABILITY CHECK FOR PIER'!E204 -> kN
B10: ='STABILITY CHECK FOR PIER'!B205 -> Total Load without Buoyancy | C10: ='STABILITY CHECK FOR PIER'!C205 -> = | D10: ='STABILITY CHECK FOR PIER'!D205 -> 5073.0874 | E10: ='STABILITY CHECK FOR PIER'!E205 -> kN
B11: ='STABILITY CHECK FOR PIER'!B206 -> Total Load with Buoyancy | C11: ='STABILITY CHECK FOR PIER'!C206 -> = | D11: ='STABILITY CHECK FOR PIER'!D206 -> 4523.7178 | E11: ='STABILITY CHECK FOR PIER'!E206 -> kN
B12: ='STABILITY CHECK FOR PIER'!B422 -> Total LONGITUDINAL MOMENT
B13: Moment @ R. L. | C13: =C3 -> 93.57 | D13: =D15 -> M = | E13: ='STABILITY CHECK FOR PIER'!H207 -> 356.8141 | F13: ='STABILITY CHECK FOR PIER'!K115 -> kN-m
B14: ='STABILITY CHECK FOR PIER'!B423 -> Total TRANSVERSE MOMENT
B15: Moment @ R. L. | C15: =C3 -> 93.57 | D15: ='STABILITY CHECK FOR PIER'!E155 -> M = | E15: ='STABILITY CHECK FOR PIER'!H208 -> 2360.442 | F15: ='STABILITY CHECK FOR PIER'!K156 -> kN-m
B16: =[1]TROUGH!A21 -> CONCRETE MIX | D16: ='STEEL IN FLARED PIER BASE '!D16 -> M-25
B17: =[1]TROUGH!A22 -> CHARACTERISTIC STRENGTH OF REINFORCEMENT | F17: =[1]TROUGH!F22 -> 415 | G17: =[1]TROUGH!G22 -> N/mm2
B18: =[1]TROUGH!A23 -> PERMISSIBLE STRESSES
B19: =[1]TROUGH!B24 -> IN STEEL | D19: 190
B20: =[1]TROUGH!B31 -> IN CONCRETE
B21: CHARACTERISTIC STRENGTH OF Concrete | D21: fck | E21: = | F21: 30 | G21: N/mm2
B22: =[1]TROUGH!B32 -> Permissible Compressive Stress in Bending | D22: =[1]TROUGH!C32 -> σcbc | E22: =[1]TROUGH!D32 -> = | F22: 8 | G22: =[1]TROUGH!F32 -> N/mm2
B23: =[1]TROUGH!B33 -> Permissible Compressive Stress in Direct Compression | D23: =[1]TROUGH!C33 -> σcc | E23: =[1]TROUGH!D33 -> = | F23: =[1]TROUGH!E33 -> 8 | G23: =[1]TROUGH!F33 -> N/mm2
D24: =[1]TROUGH!C34 -> σct | E24: =[1]TROUGH!D34 -> = | F24: =[1]TROUGH!E34 -> 3.6 | G24: =[1]TROUGH!F34 -> N/mm2
B25: Ultimate Axial Load PU | C25: = | D25: 1.5 | E25: X | F25: =D10 -> 5073.0874 | G25: = | H25: =D25*F25 -> 7609.6312 | I25: kN
B26: Ultimate Longitudinal Moment MU | C26: = | D26: 1.5 | E26: X | F26: =E13 -> 356.8141 | G26: = | H26: =D26*F26 -> 535.22115 | I26: kN-m
B27: Ultimate Transverse Moment MU | C27: = | D27: 1.5 | E27: X | F27: =E15 -> 2360.442 | G27: = | H27: =D27*F27 -> 3540.663 | I27: kN-m
B28: INCREASE WHEN WIND CONDITION IS CONSIDERED | F28: 33.33 | G28: %
B29: Neglecting area of Cut and Ease water parts Rectangular Section considered is
C30: 12000 | D30: mm x | E30: 1200 | F30: mm
C31: Assume cover as | D31: 75
B32: d1/d | C32: = | D32: =D31+C51/2 -> 87.5 | E32: / | F32: =E30 -> 1200 | G32: = | H32: =D32/F32 -> 0.072916667
B33: PU/(fck b d) | C33: = | D33: =H25 -> 7609.6312 | E33: x | F33: 1000 | G33: / ( | H33: =$F$21 -> 30 | I33: x | J33: =$C$30 -> 12000 | K33: x | L33: =$E$30 -> 1200 | M33: )
C34: = | D34: =D33*F33/(H33*J33*L33) -> 0.017614887
B35: FOR LONGITUDINAL MOMENT
B36: Mu/(fck b d2) | C36: = | D36: =H26 -> 535.22115 | E36: =E33 -> x | F36: =$F$33*1000 -> 1000000 | G36: / ( | H36: =$F$21 -> 30 | I36: x | J36: =$C$30 -> 12000 | K36: x | L36: =$E$30 -> 1200 | M36: 2 )
C37: = | D37: =D36*F36/(H36*J36*L36^2) -> 0.0010324482
B38: Refer Chart 31 & 32 of Design Aids for Reinforced concrete SP-16 the point lies below the range of applicability. Hence provide minimum percentage of steel.
B39: The point lies below the range of applicability. Hence provide minimum percentage of steel
B40: CRITERIA 1 FOR MINIMUM STEEL Pt = 0.8 % OF CROSS SECTION AREA OF COLUMN REQUIRED FOR COMPRESSION
B42: Area Required due to Compression = | D42: =$D$11 -> 4523.7178 | E42: =E33 -> x | F42: =F33 -> 1000 | G42: / | H42: =$F$22 -> 8
C43: = | D43: =D42*F42/H42 -> 565464.73 | E43: mm2
B44: Area of steel @ 0.8% = | C44: =0.8 -> 0.8 | D44: x | E44: =D43 -> 565464.73 | F44: / | G44: 100
C45: = | D45: =C44*E44/100 -> 4523.7178 | E45: mm2
B47: CRITERIA 2 FOR MINIMUM STEEL Pt = 0.3 % OF GROSS SECTION AREA OF COLUMN
B48: Area of steel @ 0.3% = | C48: 0.3 | D48: x | E48: =C30 -> 12000 | F48: x | G48: =$E$30 -> 1200 | H48: / | I48: 100
C49: = | D49: =C48*E48*G48/100 -> 43200 | E49: mm2
B50: PROVIDE STEEL AREA | C50: = | D50: =D49 -> 43200 | E50: mm2
B51: NO. OF | C51: 25 | D51: MM BARS | E51: = | F51: =D50/(0.785*C51^2) -> 88.050955 | G51: Nos.
B52: SPACING | C52: = | D52: =ROUNDDOWN((2*(E48+G48)/F51),-1) -> 290 | E52: MM
B53: FOR TRANSVERSE MOMENT
B55: Mu/(fck b d2) | C55: = | D55: =H27 -> 3540.663 | E55: =E36 -> x | F55: =$F$33*1000 -> 1000000 | G55: =G36 -> / ( | H55: =$F$21 -> 30 | I55: =I36 -> x
E56: =$C$30 -> 12000 | F56: x | G56: =$E$30 -> 1200 | H56: 2 )
C57: = | D57: =D55*F55/(H55*E56*G56^2) -> 0.0068299826
B58: Refer Chart 31 & 32 of Design Aids for Reinforced concrete SP-16 the point lies below the range of applicability. Hence provide minimum percentage of steel.
B59: TRANSVERSE REINFORCEMENT
B60: Shear Force to be resisted by the pier In Accordance to IS 1893
C61: =E15 -> 2360.442 | D61: / | E61: =102+1.2+0.925/2-91.79 -> 11.8725 | F61: = | G61: =C61/E61 -> 198.81592 | H61: kN
A62: Check for Shear
B63: Nominal Shear Stress = | C63: =G61 -> 198.81592 | D63: x | E63: 1000 | F63: / ( | G63: =E56 -> 12000 | H63: x | I63: =G56 -> 1200 | J63: )
C64: = | D64: =C63*E63/(G63*I63) -> 0.013806661 | E64: N/mm2
B65: Pt | C65: =F51*0.785*C51^2/(E56*G56)*100 -> 0.3
B66: Permissible Shear Stress = | C66: 0.4 | D66: N/mm2 | E66: Refer table 61
B67: Nominal Shear Reinforcement will suffice
B68: According to IRC 21-1987 Clause 306.3
B69: Dia of Transverse Reinforcement | C69: = | D69: =C51 -> 25 | E69: / | F69: 4 | G69: = | H69: =D69/F69 -> 6.25 | I69: mm
B70: Provide | C70: 12 | D70: mm dia rings
B71: Pitch of the Transverse should be least of
B72: a) Least lateral Dimension = | C72: =I63 -> 1200 | D72: mm
B73: b) 12 d = | C73: 12 | D73: x | E73: =C70 -> 12 | F73: = | G73: =C73*E73 -> 144 | H73: mm
B74: c) 300 mm = | C74: 300 | D74: mm
B75: d) As per IS IS 13920:1993 Cl. 7.4.6 | C75: < or = | D75: 100 | E75: mm
B76: Provide | C76: =C70 -> 12 | D76: mm dia rings @ | F76: 100 | G76: mm c/c.
B77: This spacing is in accordance to IS 13920:1993 Cl. 7.4.6
B78: CODE OF PRACTICE FOR DUCTILE DETAILING OF REINFORCED CONCRETE STRUCTURES SUBJECTED TO SEISMIC FORCES
B79: Check for Size of Hoop Reinforcement | D79: Refer IS 13920:1993 Cl. 7.4.8
C80: Ash= 0.18 Sh (Fck/Fy)x(Ag/Ak-1)
B81: S | C81: = | D81: =F76 -> 100 | E81: mm
B82: h | C82: = | D82: 300 | E82: N/mm2 | F82: (Spacing of long. bars+ effective cover) or 300 mm whichever is less
B83: Fck | C83: = | D83: 30 | E83: N/mm2 | H83: Cover 75 mm to main reinforcement
B84: Fy | C84: = | D84: 415 | E84: N/mm2
B85: Ag | C85: = | D85: =G48*1 -> 1200 | E85: mm2 | F85: Considering 1 mm Wide Pier
B86: Ak | C86: = | D86: =D85-2*(75-C51/2-C76) -> 1099 | E86: mm2 | F86: Considering 1 mm Wide Pier Effective
B87: Hence Ash | C87: = | D87: =0.18*D81*D82*(D83/D84)*(D85/D86-1) -> 35.874892 | E87: mm2
B88: Ash ProvideD | C88: = | D88: =0.785*C76^2 -> 113.04 | E88: mm2 | F88: Which is OK
B89: d) As per IS IS 13920:1993 Cl. 7.4.6 | C89: < or = | D89: 100 | E89: mm
B90: Provide | C90: =C70 -> 12 | D90: mm dia rings @ | F90: 100 | G90: mm c/c.
B91: This spacing is in accordance to IS 13920:1993 Cl. 7.4.6
B92: CODE OF PRACTICE FORDUCTILE DETAILING OF REINFORCED CONCRETE STRUCTURES SUBJECTED TO SEISMIC FORCES
B93: ABSTRACT
B94: LONGITUDINAL REINFORCEMENT | C94: =C51 -> 25 | D94: MM BARS | E94: =D52 -> 290 | F94: MM | H94: However Adopt spacing as 250 mm
B95: TRANSVERSE REINFORCEMENT | C95: =CONCATENATE(" ",C90,D90,F90,G90) -> 12mm dia rings @100mm c/c.

Sheet FOOTING DESIGN
A1: DESIGN OF PIER FOOTING SUBMERSIBLE BRIDGE
A2: ='STEEL IN PIER'!A2:O2 -> Name Of Work :- Construction of Submersible Bridge on ON KHERWARA - JAWAS - SUVERI ROAD IN KM 9/000, ACROSS RIVER SOM
A3: FOR WIND AT SERVICE CONDITION
B4: Length of footing | C4: lf | D4: ='STABILITY CHECK FOR PIER'!E52 -> 12 | E4: m
B5: Width of Footing | C5: lb | D5: ='STABILITY CHECK FOR PIER'!G52 -> 3.8 | E5: m
B6: Width of Pier | D6: 1.2 | E6: m
B7: Vertical Load | C7: P | D7: ='STABILITY CHECK FOR PIER'!D263 -> 5073.0874 | E7: kN
B8: Longitudinal Moment | C8: Me | D8: ='STABILITY CHECK FOR PIER'!J265 -> 356.8141 | E8: kN-m
B9: Transverse Moment | C9: Mb | D9: ='STABILITY CHECK FOR PIER'!J266 -> 2467.3357 | E9: kN-m
B10: el | C10: = Me/P | D10: =D8/D7 -> 0.070334704 | E10: m
B11: eb | C11: = Mb/P | D11: =D9/D7 -> 0.48635782 | E11: m
B12: el/lf | D12: =D10/D4 -> 0.0058612253 | E12: Refer VK Raina "Concrete Bridge Practice : Analysis, Design and Economics " Chapter 14 "Evaluation of Base Presssure and Contact Area" Fig 14.2 & 14.3
B13: eb/lb | D13: =D11/D5 -> 0.1279889
B14: K | D14: 1
B15: y | D15: 0
B16: Area in Tension = y x lb | E16: =D5*D15 -> 0 | F16: m2 | G16: =E16/D5*100 -> 0 | H16: %
B17: Maximum Pressure before Redistribution | E17: ='STABILITY CHECK FOR PIER'!D279 -> 138.6611 | F17: kN/m2
B18: Maximum Pressure After Redistribution = pxK | E18: =E17*D14 -> 138.6611 | F18: kN/m2
B19: Maximum Stress at Edge of Pier | E19: =E18 -> 138.6611 | F19: kN/m2
B20: Distance From Face of Pier to the Edge | E20: ='Footing STRESS DIAGRAM'!C4 -> 1.3 | F20: m
B21: Stress at the Edge of Pier | E21: =(D5-E16-E20)*E19/(D5-E16) -> 91.224405 | F21: kN/m2
B22: Average Stress on Cantilevered Area | E22: =(E19+E21)/2 -> 114.94275 | F22: kN/m2
B23: Area of the Cantilever Portion | E23: =E20*1 -> 1.3 | F23: m2
B24: Distance of Centroid of the Stress in Cantilever Portion | E24: =E20/3*(E21+2*E19)/(E19+E21) -> 0.69470899 | F24: m
B25: Moment about the Face of Pier | E25: =E22*E23*E24 -> 103.80729 | F25: kN-m
B26: CONCRETE GRADE | E26: ='STEEL IN PIER'!D16 -> M-25
B27: FOR THIS GRADE scbc | E27: 10 | F27: N/mm2
B28: m | E28: =280/(3*E27) -> 9.3333333
B29: sst | E29: 200
B30: factor k | E30: =(E28*E27)/(E27*E28+E29) -> 0.31818182
B31: j | E31: =1-(E30/3) -> 0.89393939
B32: R | E32: =0.5*E27*E31*E30 -> 1.4221763
B33: Effective Depth Required | E33: =SQRT((E25*1000*1000)/(E32*1000)) -> 270.17005 | F33: mm
B34: Adopt Total Depth | E34: ='STABILITY CHECK FOR PIER'!J52*1000 -> 1000 | F34: mm
B35: Cover | E35: 50 | F35: mm
B36: Assume Bar Dia | E36: 25 | F36: mm
B37: Keeping A Cover Of 50 mm Effective Depth | E37: =E34-E35-E36/2 -> 937.5 | F37: mm
B38: Adopt Effective Depth | E38: =IF(E33>E37,E33,E37) -> 937.5 | F38: mm
B39: Steel Required Ast | E39: =(E25*1000*1000)/(E29*E31*E38) -> 619.32486 | F39: mm2
B40: Area Of One Bar | E40: =3.14*E36*E36/4 -> 490.625 | F40: mm2
B41: Spacing S | E41: =(E40*1000)/E39 -> 792.19329 | F41: mm
B42: Provide Bars Of Dia And Spacing | C42: =E36 -> 25 | D42: mm | E42: Adopt spacing as 250 mm
B43: Area Of Distribution Steel | E43: =(0.2*1000*10) -> 2000 | F43: mm2
B44: Dia Of Bar For Distribution Steel | E44: 20 | F44: mm
B45: Area Of One Bar In Distribution Reinforcement | E45: =3.14*E44*E44/4 -> 314 | F45: mm2
B46: Using The Bars Spacing Required | E46: =(E45*1000)/E43 -> 157 | F46: mm
B47: Provide Bars Of Dia And Spacing | C47: =E44 -> 20 | D47: mm | E47: =ROUNDDOWN(E46,-1) -> 150 | F47: mm
B49: Provide Bars Of Dia And Spacing for Top Main Steel | C49: 12 | D49: mm | E49: 150 | F49: mm
B50: Provide Bars Of Dia And Spacing for Top Distribution Steel | C50: 12 | D50: mm | E50: 150 | F50: mm
A52: CHECK FOR SHEAR | C52: (As per IRC 21-1987 Cl. 304.7)
B53: Critical Section is at a distance equal to effective depth from pier face | E53: =E38 -> 937.5 | F53: mm
B54: Section of Shear from end of pier | E54: =E20-E53/1000 -> 0.3625 | F54: m
B55: Maximum Stress at Edge of Pier | E55: =E19 -> 138.6611 | F55: kN/m2
B56: Stress at the Section for Shear Check | E56: =E55/('[2]STRESS DIAGRAM'!D18-'[2]STRESS DIAGRAM'!B21)*(-'FOOTING DESIGN'!E54+'[2]STRESS DIAGRAM'!D18-'[2]STRESS DIAGRAM'!B21) -> 124.69869 | F56: kN/m2
B57: Average Stress on Cantilevered Area | E57: =(E55+E56)/2 -> 131.6799 | F57: kN/m2
B58: Shear Force | E58: =E57*E54 -> 47.733962 | F58: kN
B59: V=V' + M/d tanB | C59: (B=0) Hence V =V'
B60: Actual Shear Stress | E60: =E58*1000/E53/1000 -> 0.050916226 | F60: N/mm2
B61: Percentage Steel | C61: 100As/bd | E61: =100*E39/(1000*E38) -> 0.066061318
B62: Tc | E62: 0.23 | F62: N/mm2
B63: k=1
B64: Permissble Shear Stress = k Tc | E64: =E62 -> 0.23 | F64: N/mm2
D65: < Actual Shear Stress hence Shear Reinforcement should be provided
B66: Dia Of two Legged Stirrups | E66: 16 | F66: mm
B67: Area Of One Bar In Distribution Reinforcement | E67: =3.14*E66*E66/4 -> 200.96 | F67: mm2
B68: Using The Bars Spacing Required s= Asw ts d/V | E68: =2*E67*E29*E38/(E58*1000) -> 1578.7502 | F68: mm
B69: Provide Bars Of Dia And Spacing | C69: =E66 -> 16 | D69: mm | E69: Adopt spacing as 250 mm

Sheet Footing STRESS DIAGRAM
D1: ='FOOTING DESIGN'!D6 -> 1.2 | E1: m
C4: =(D18-D1)/2 -> 1.3 | D4: m
D18: ='FOOTING DESIGN'!D5 -> 3.8 | E18: m
B21: ='FOOTING DESIGN'!E16 -> 0 | C21: m
E25: ='FOOTING DESIGN'!E21 -> 91.224405
E26: kN/m2 | G26: ='FOOTING DESIGN'!E19 -> 138.6611 | H26: kN/m2
D29: STRESS DIAGRAM
A31: DESIGN OF PIER FOOTING

Sheet Pier Cap LL tracked vehicle
A1: LIVE LOAD CALCULATION :-
A3: [1] CLASS AA TRACKED VEHICLE :-
A5: (a) Dispersion width along the span
A7: According to clause 305.13 IRC- 21-2000
A9: = Length of Contact + 2 (Wearing coat + depth of Slab)
A11: = | B11: 3.6 | C11: + 2 ( 0.075 + 0.775 )
A13: = | B13: 5.3 | C13: M
A14: (b) Dispersion width across the span
A16: According to clause 305.13 IRC- 21-2000
A18: be = K x ( 1 - x/Le ) +bw
A19: K = A Constant having the value depending upon the ratio
A20: (L1/Le where.
A21: be = the effective width of the slab on which the load acts.
A22: Le = Effective Span
A23: x = the distance of c.g. of concentrate load from the near support
A24: bw = The breadth of concentration area of the load i.e. Dimension of
A25: the tyre or track contact area over the road surface
A26: Heve ,
B27: Le = 10.00 M & L1 = 7.00 M
A29: = L1 | B29: = | C29: 7 | D29: = | E29: 0.7
A30: Le | C30: 10
A31: Value of K = | C31: 2.4
A33: bw = | B33: 0.85 + 2 x 0.075 | D33: = 1.0 M
A35: X = L | B35: = | C35: 10 | D35: = | E35: 5.0 M
A36: 2 | C36: 2
A37: be = 2.4 x 4 | C37: ( 1 - 5/10) | D37: + | E37: 1
A38: = | B38: =2.4*4*0.5+1 -> 5.8 | C38: M
A39: Impact factor is 13.75% as pere IRC Section-II, Clause - 211-3 (a) (i)
A41: DISPERSION ACROSS SPAN (CLASS AA TRACKED VEHICAL)
A42: The tracked vehicle is placed at a distance of minimum clearence of 1-2 m from Kerb
A43: Dispersion across span
A44: = C/C distance between wheels
A45: + width from centre of wheel on clearence side
A46: + Least on other side or halp the dispersion of one wheel.
A47: = 2.05 + 1.93 + Least of 2.715 OR 5.8/2
A48: = 2.05 + 1.93 + 2.715
A49: = 6.695
A50: Impact factor = 1.1375
A51: Total load with impact
... A54: = Intensity of Load
A56: = | B56: 79.63 | D56: = | E56: =79.63/5.3/6.695 -> 2.2441416 | F56: T/M
B57: 5.30 x 6.695
A58: Maximum Reaction
B59: For Maximum reaction at support the Centre of gravity of the loads should be adjacent to one support should be adjacent to one support
B61: Reaction RA= 2.24x 3.00 x 1.50 /10.00
C62: = | D62: =2.24*3*1.5*1/10 -> 1.008 | E62: T
B63: Reaction RB= 2.24x 3.00 -1.01
C64: = | D64: =2.24*3-1.01 -> 5.71 | E64: T
A66: DISPERSION ALONG SPAN (CLASS AA TRACKED VEHICLE)
A67: (a) Dispersion width along the span :-
A68: tp = | B68: tc = 2 (tw + ts )
A69: tp = | B69: width of dispersion parallel to span
A70: tc = | B70: width of tyre contact area parallel to span
A71: ts = | B71: Overall depth of slab
A72: tw = | B72: Thickness | C72: of Wearing coat
A73: Dispersion along the span
A74: = 0.15 + 2 ( 0.075 + 0.775 )
A75: = | B75: 1.9 | C75: M
A76: Dispersion between two wheel is overlapping hence restricted to 1-2 M
A77: = Dispersion combined for two wheels
A78: = C/c distance between + | D78: Longitudinal
A79: two wheels | D79: dispersion
A80: = 1-2 | C80: + | D80: 1.9
A81: = 3.1 M | B81: ( along the span )
A82: Impact factor = 1.1375
A83: Total load with impact
A84: = 70 x 1.1375
A85: = 79.63 T
A86: = Intensity of Load
A87: = | B87: 79.63 | D87: = | E87: =79.63/5.3/1.9 -> 7.9076465 | F87: T/M
B88: 1.90 x 5.30
A89: Maximum Reaction
B90: For Maximum reaction at support the Centre of gravity of the loads should be adjacent to one support should be adjacent to one support
B91: Reaction RA= 7.91x 3.00 x 1.50 /10.00
C92: = | D92: =7.91*3*1.5*1/10 -> 3.5595 | E92: T
B93: Reaction RB= 7.91x 3.00 -3.56
C94: = | D94: =7.91*3-3.56 -> 20.17 | E94: T

Sheet Pier Cap
A1: DESIGN OF PIER CAP :-
A2: D.L./ M Width along bridge
A3: DL. Of Slab = | C3: ='[6]STABILITY CHECK FOR PIER'!H27 -> 0.75 | D3: x | E3: ='[6]STABILITY CHECK ABUTMENT'!F4 -> 8.4 | F3: x. | G3: 2.4 | H3: = | I3: =C3*E3*G3 -> 15.12 | J3: T
A4: D.L. of Wearing coat = | C4: ='[6]STABILITY CHECK FOR PIER'!H28 -> 0.075 | D4: x | E4: =E3 -> 8.4 | F4: x. | G4: 2.4 | H4: = | I4: =C4*E4*G4 -> 1.512 | J4: T
G5: TOTAL | I5: =SUM(I3:I4) -> 16.632 | J5: T
A6: D.L. of Slab & Wearing coat on half of the pier | E6: =
E7: =I5 -> 16.632 | F7: / | G7: 2 | H7: = | I7: =E7/G7 -> 8.316 | J7: T
A8: L.L. on Pier cap including impact along bridge
D9: = | E9: 82.5 | F9: x | G9: 1.1375 | H9: = | I9: =E9*G9 -> 93.84375 | J9: T
A10: (Refer Live Load Computation)
A11: Dispersion width across the span for
A12: 70 T TRACKED VEHTCLE | D12: = | E12: 6.695 | F12: M
A13: ( Refer Solid slab design page SS-16)
A14: Live Load u.d.l. on Pier | D14: = | E14: =I9 -> 93.84375 | F14: / | G14: =E12 -> 6.695 | H14: = | I14: =E14/G14 -> 14.01699 | J14: T
B15: Per M width
A16: Total Load on Half = | D16: =I7 -> 8.316 | E16: + | F16: =I14 -> 14.01699 | H16: = | I16: =D16+F16 -> 22.33299 | J16: T
A17: of pier along bridge | I17: Per M width
A18: Effective depth of slab =90-2.5-2.5/2 = | D18: =C3*100-2.5-2.5/2 -> 71.25 | E18: cm
A19: Placement of the live load at effective depth from the support ( taking support width 750 mm)
A20: Eccentricity = 71.25 -75/2 | D20: = | E20: =D18-75/2 -> 33.75 | F20: cm | G20: = | H20: =E20/100 -> 0.3375 | I20: M
A21: Bending Moment along the bridge = | C21: =I16 -> 22.33299 | D21: x | E21: =H20 -> 0.3375 | H21: =ROUNDUP(C21*E21,2) -> 7.54 | I21: T - M/M width
B22: = | C22: =H21 -> 7.54 | D22: x | E22: 10 | F22: = | G22: =ROUNDUP(C22*10,2) -> 75.4 | H22: kN-M/M width
A23: This moment is too small hence it will not/be the governing B.M.
B24: Moment in pier cap | E24: =G22 -> 75.4 | F24: kN-m
B25: CONCRETE GRADE | E25: M30
B26: FOR THIS GRADE scbc | E26: 10 | F26: N/mm2
B27: m | E27: =280/(3*E26) -> 9.3333333
B28: sst | E28: 200
B29: factor k | E29: =(E27*E26)/(E26*E27+E28) -> 0.31818182
B30: j | E30: =1-(E29/3) -> 0.89393939
B31: R | E31: =0.5*E26*E30*E29 -> 1.4221763
B32: Effective Depth Required | E32: =SQRT((E24*1000*1000)/(E31*1000)) -> 230.25494 | F32: mm
B33: Adopt Total Depth | E33: =1200 -> 1200 | F33: mm
B34: Cover | E34: 50 | F34: mm
B35: Assume Bar Dia | E35: 25 | F35: mm
B36: Keeping A Cover Of 50 mm Effective Depth | E36: =E33-E34-E35/2 -> 1137.5 | F36: mm
B37: Adopt Effective Depth | E37: =IF(E32>E36,E32,E36) -> 1137.5 | F37: mm
B38: Steel Required Ast | E38: =(E24*1000*1000)/(E28*E30*E37) -> 370.75061 | F38: mm2
B39: Area Of One Bar | E39: =3.14*E35*E35/4 -> 490.625 | F39: mm2
B40: Spacing S | E40: =(E39*1000)/E38 -> 1323.3289 | F40: mm
B41: Provide Bars Of Dia And Spacing | C41: =E35 -> 25 | D41: mm | E41: 100 | F41: mm | G41: Adopt spacing as 100 mm
B42: Provide Bars Of Dia And Spacing for Top Main Steel | C42: =C41 -> 25 | D42: mm | E42: =E41 -> 100 | F42: mm
B43: Provide Bars Of Dia And Spacing for Bottom Steel | C43: 16 | D43: mm | E43: =E42 -> 100 | F43: mm
A44: PIER SECTION ACROSS BRIDGE
A45: DEAD LOAD MOMENT PER METRE Width across bridge :-
A46: Slab D.L. | C46: 0.975 | D46: x | E46: 15 | F46: x. | G46: 2.4 | H46: = | I46: =C46*E46*G46 -> 35.1 | J46: T
A47: D.L. of Wearing coat = | C47: 0.075 | D47: x | E47: 12 | F47: x. | G47: 2.4 | H47: = | I47: =C47*E47*G47 -> 2.16 | J47: T
G48: TOTAL | I48: =SUM(I46:I47) -> 37.26 | J48: T
A49: D.L. of Slab & Wearing coat on half of the pier | E49: =
E50: =I48 -> 37.26 | F50: / | G50: 2 | H50: = | I50: =E50/G50 -> 18.63 | J50: T/ M width
A51: L.L on pier | E51: = | I51: 64.69 | J51: T
A53: Dispersion width along the span for
A54: 70 T Tracked vehical | C54: = | D54: 5.3 | E54: M
A56: L.L. . per M width on pier = | E56: =I51 -> 64.69 | F56: / | G56: =D54 -> 5.3 | H56: = | I56: =E56/G56 -> 12.20566 | J56: T/ M width
A57: Total D.L. + L.L. on half of Pier across | D57: =I50 -> 18.63 | E57: + | F57: =I56 -> 12.20566 | H57: = | I57: =ROUNDUP((D57+F57),2) -> 30.84 | J57: T
A58: bridge per M width | I58: Per M width
A59: The Live Load is with clearance from the Footpath and kerb. The cantilever portion of pier cap and width of footpath is 1500 mm
A60: Hence There is no eccentricity.
A61: Bending Moment across the bridge = | C61: =I57 -> 30.84 | D61: x | E61: 0 | H61: =C61*E61 -> 0 | I61: T - M/M width
A62: Provide Minimum steel
A63: Minimum Reinforcement calculation for Pier cap :-
A64: As per clause 710.8.2, IRC- 78 - 2000, the thickness of pier
A65: cap shall be at least 200 mm However the thickness
A66: of Pier cap here is 1200 MM.
A67: Grade of Concrete M 30
A68: Minimum Shrinkage and Temperature reinforcement required as per Clause 305.10 IRC 21-2000
A69: in any RC structure is 250 Sq mm per m in each direction. Allowable maximum spacing is 300 mm.
A70: Shrinkage and Temperature reinforcement required = | F70: 250 | G70: x | H70: 1.2 | I70: = | J70: =F70*H70 -> 300 | K70: mm2
A71: Provide 25 mm tor reiforcement @ 100 mm c/c ( 14 Nos.) in top along the pier cap
A72: Provide 16 mm tor reiforcement @ 100 mm c/c ( 14 Nos.) in bottom along the pier cap
A73: Area of Steel Provided at top
A74: = (14x 491) | C74: = | D74: =14*491 -> 6874 | E74: mm2 | F74: > 300 mm2 | H74: OK
A76: Area of Steel Provided at bottom
A77: = (14x 201) | C77: = | D77: 2814 | E77: mm2 | F77: > 300 mm2 | H77: OK
A78: CHECK FOR SHEAR ALONG BRIDGE DIRECTION
B79: V = | C79: =I57 -> 30.84 | D79: T
B80: Shear Force | E80: =C79*10 -> 308.4 | F80: kN
B81: V=V' + M/d tanB | C81: (B=0) Hence V =V'
B82: Actual Shear Stress | E82: =E80*1000/$E$37/1000 -> 0.27112088 | F82: N/mm2
B83: Percentage Steel | C83: 100As/bd | E83: =100*$D$77/(1000*$E$37) -> 0.24738462
B84: Tc | E84: 0.23 | F84: N/mm2
B85: k=1
B86: Permissble Shear Stress = k Tc | E86: =E84 -> 0.23 | F86: N/mm2
D87: < Actual Shear Stress hence Shear Reinforcement should be provided
B88: Dia Of two Legged Stirrups | E88: 16 | F88: mm
B89: Area Of One Bar In Distribution Reinforcement | E89: =3.14*E88*E88/4 -> 200.96 | F89: mm2
B90: Using The Bars Spacing Required s= Asw ts d/V | E90: =2*E89*E28*E37/(E80*1000) -> 296.48768 | F90: mm
B91: Provide Bars Of Dia And Spacing | C91: =E88 -> 16 | D91: mm | E91: 100 | F91: mm | G91: Adopt spacing as 100 mm
A92: HOWEVER
A93: Provide 16 mm tor 2 legged vertical stirrups @ 100 mm centre to centre along the pier cap
A94: Provide 16 mm tor 2 legged horizontal stirrups @ 100 mm centre to centre along the pier cap
A96: SHEAR CHECK ACROSS BRIDGE DIRECTION
B97: V = | C97: 20.3 | D97: T
B98: Shear Force | E98: =C97*10 -> 203 | F98: kN
B99: V=V' + M/d tanB | C99: (B=0) Hence V =V'
B100: Actual Shear Stress | E100: =E98*1000/$E$37/1000 -> 0.17846154 | F100: N/mm2
B101: Percentage Steel | C101: 100As/bd | E101: =100*$D$77/(1000*$E$37) -> 0.24738462
B102: Tc | E102: 0.23 | F102: N/mm2
B103: k=1
B104: Permissble Shear Stress = k Tc | E104: =E102 -> 0.23 | F104: N/mm2
...

Sheet LLOAD
A1: CALCULATION OF LIVE LOAD REACTION FOR PIER SUBSTRUCTURE
A2: FOR SIMPLY SUPPORTED SPANS OF A TWO LANE BRIDGE STRUCTURE
A4: Centre line of pier w.r.t. the bearings :-
A6: Rb | B6: = | C6: 0.3 | D6: m
A7: Rc | B7: = | C7: 0.3 | D7: m
A9: Reaction has been calculated for the following cases
A10: 1. | B10: One lane of class 70-R(W)
A11: 2. | B11: One lane of class - A
A12: 3. | B12: Two lane of class - A
A13: 4. | B13: Three lane of class - A
A14: 5. | B14: One lane of class 70-R(W) + One lane of class - A
A16: Condition A: | C16: MAXIMUM LONGITUDINAL MOMENT CASE
A18: Case 1: | B18: One lane of class 70-R(W)
D19: Cg of | E19: =VLOOKUP(span,AA27:AC39,2,0.1) -> 80
E20: =VLOOKUP(span,AA27:AC39,3,0.1) -> 3.65
A25: 0.3 | B25: m | C25: =7.6+0.375+0.375 -> 8.35 | D25: m | E25: Rb | F25: Rc | H25: =span -> 8.35 | I25: 0.3
B26: Ra | E26: 0.3 | F26: 0.3 | I26: Rd | AA26: span | AB26: load | AC26: cg
AA27: 4.42 | AB27: 51 | AC27: 1.93
B28: Rb = | C28: =CONCATENATE(E19,"*(",C25,"-",E20,"+",E26,")/",C25) -> 80*(8.35-3.65+0.3)/8.35 | H28: = | I28: =E19*(C25-E20+1.6)/C25 -> 60.359281 | J28: t | AA28: 5.79 | AB28: 68 | AC28: 2.895
B29: Rc = | H29: = | I29: 0 | J29: t | AA29: 7.92 | AB29: 80 | AC29: 3.65
B30: Ra= | H30: = | I30: =E19-I28 -> 19.640719 | J30: t
B31: Vert.Reaction= | D31: =CONCATENATE(ROUND(I28,1)," + ",ROUND(I29,1)) -> 60.4 + 0 | H31: = | I31: =I28+I29 -> 60.359281 | J31: t | AA31: 9.44 | AB31: 92 | AC31: 4.4
B32: Braking Force, B = | D32: =CONCATENATE("0.2*",E19) -> 0.2*80 | H32: = | I32: =0.2*E19 -> 16 | J32: t | AA32: 13.4 | AB32: 100 | AC32: 5.12
B33: Dead load reaction on the pier , Rg | H33: = | I33: 485 | J33: t
B35: Value of " m " = | H35: = | I35: 0
B36: Horizontal force due to temperature, T = m*(Rg+Ra) | H36: = | I36: =I35*(I33+I30) -> 0 | J36: t
B37: Design horizontal force is higher of either ( B/2+T ) or ( B-T ) | H37: = | I37: =MAX(I32/2+I36,I32-I36) -> 16 | J37: t
B38: ( neglecting shear rating of elastomeric bearing in the adjacent span, which is on the conservative side )
AA39: =$C$25+$A$25+($E$26-0.04)/2 -> 8.78
B40: CL of 70-R | F40: CL of c/w
C41: 2.595 | D41: =$E$44/2-C41 -> 1.605
E44: 8.4 | F44: m
B45: Transverse eccentricity | H45: = | I45: 2.905 | J45: m
B46: Transverse moment = | E46: =CONCATENATE(I45,"*","(",ROUND(I28,1)," + ",I29,")") -> 2.905*(60.4 + 0) | H46: = | I46: =I45*I28 -> 175.34371 | J46: t.m
B47: Long. moment = | D47: =CONCATENATE(ROUND(I28,1),"*",C6,"-",ROUND(I29,1),"*",C7) -> 60.4*0.3-0*0.3 | H47: = | I47: =I31*C6-I29*C7 -> 18.107784 | J47: t.m
B48: Long. Eccentricity ( for input) | H48: = | I48: =I47/I31 -> 0.3 | J48: m
A50: B) | B50: One lane of class-A | AC50: SPAN | AD50: LOAD | AE50: CG
D51: Cg of | E51: 55.4 | AC51: 5.5 | AD51: 29.6 | AE51: 1.73
E52: 9.7 | G52: 0 | AC52: 8.5 | AD52: 36.4 | AE52: 2.99
AC53: 11.5 | AD53: 43.2 | AE53: 4.33
AC54: 14.5 | AD54: 50 | AE54: 5.71
AC55: 24 | AD55: 50 | AE55: 5.71
AC56: =AA39 -> 8.78
A57: =A25 -> 0.3 | B57: m | C57: =C25 -> 8.35 | D57: m | E57: Rb | F57: Rc | H57: =H25 -> 8.35 | I57: m | J57: =I25 -> 0.3 | K57: m
B58: Ra | E58: =+E26 -> 0.3 | F58: 0.3 | I58: Rd
B60: Rc = | C60: =CONCATENATE(G52,"*(",C57,"-",A57,")/",C57) -> 0*(8.35-0.3)/8.35 | H60: = | I60: =G52*(C57-F52+A57)/C57 -> 0 | J60: t
B61: Rb = | C61: =CONCATENATE(E51,"*(",C57,"-",E52,"+",E58,"/2)/",C57) -> 55.4*(8.35-9.7+0.3/2)/8.35 | H61: = | I61: =-E51*(C57-E52+E58)/C57 -> 6.9664671 | J61: t
B62: Ra= | H62: = | I62: =E51-I61 -> 48.433533 | J62: t
B63: Vert.Reaction = | D63: =CONCATENATE(ROUND(I62,1)," + ",ROUND(I61,1)) -> 48.4 + 7 | H63: = | I63: =I62+I61 -> 55.4 | J63: t
B64: Braking Force, B = | D64: =CONCATENATE(0.2,"*(",G52,"+",E51,")") -> 0.2*(0+55.4) | H64: = | I64: =0.2*(G52+E51) -> 11.08 | J64: t
B65: Dead load reaction on the pier , Rg | H65: = | I65: =I33 -> 485 | J65: t
B66: Value of " m " = | H66: = | I66: 0
B67: Horizontal force due to temperature, T = m*(Rg+Ra) | H67: = | I67: =I66*(I65+I62) -> 0 | J67: t
B68: Design horizontal force is higher of either ( B/2+T ) or ( B-T ) | H68: = | I68: =MAX(I64/2+I67,I64-I67) -> 11.08 | J68: t
B69: ( neglecting shear rating of elastomeric bearing in the adjacent span, which is on the conservative side )
B71: CL class A(1L) | F71: CL of c/w
C72: 1.3 | D72: =E75/2-C72 -> 2.9
E75: =E44 -> 8.4 | F75: m
B76: Transverse eccentricity | H76: = | I76: =D72 -> 2.9 | J76: m
B77: Transverse moment = | E77: =CONCATENATE(I76,"*",ROUND(I63,1)) -> 2.9*55.4 | H77: = | I77: =I76*I63 -> 160.66 | J77: t.m
B78: Long. moment = | D78: =CONCATENATE(ROUND(I61,1),"*",C6,"-",ROUND(I60,1),"*",C7) -> 7*0.3-0*0.3 | H78: = | I78: =I61*C6-I60*C7 -> 2.0899401 | J78: t.m
B79: Long. Eccentricity ( for input) | H79: = | I79: =I78/I63 -> 0.037724551 | J79: m
A82: Case 3 : | B82: Two lane of class-A
B84: Rc = | C84: =CONCATENATE("2*",ROUND(I60,1)) -> 2*0 | H84: = | I84: =2*I60 -> 0 | J84: t
B85: Rb = | C85: =CONCATENATE("2*",ROUND(I61,1)) -> 2*7 | H85: = | I85: =2*I61 -> 13.932934 | J85: t
B86: Ra= | H86: = | I86: =2*E51-I85 -> 96.867066 | J86: t
B87: Vert.Reaction = | D87: =CONCATENATE(ROUND(I84,1)," + ",ROUND(I85,1)) -> 0 + 13.9 | H87: = | I87: =I84+I85 -> 13.932934 | J87: t
B88: Braking Force(For single lane only) | H88: = | I88: =I64 -> 11.08 | J88: t
B89: Dead load reaction on the pier , Rg | H89: = | I89: =I33 -> 485 | J89: t
B90: Value of " m " = | H90: = | I90: 0
B91: Horizontal force due to temperature, T = m*(Rg+Ra) | H91: = | I91: =I90*(I89+I86) -> 0 | J91: t
B92: Design horizontal force is higher of either ( B/2+T ) or ( B-T ) | H92: = | I92: =MAX(I88/2+I91,I88-I91) -> 11.08 | J92: t
B93: ( neglecting shear rating of elastomeric bearing in the adjacent span, which is on the conservative side )
B95: CL class A(2L) | F95: CL of c/w
C96: 3.05 | D96: =E99/2-C96 -> 1.15
E99: =E44 -> 8.4 | F99: m
B100: Transverse eccentricity | H100: = | I100: =D96 -> 1.15 | J100: m
B101: Transverse moment = | E101: =CONCATENATE(I100,"*",ROUND(I87,1)) -> 1.15*13.9 | H101: = | I101: =I87*I100 -> 16.022874 | J101: t.m
B102: Long. moment = | D102: =CONCATENATE(ROUND(I85,1),"*",C6,"-",ROUND(I84,1),"*",C7) -> 13.9*0.3-0*0.3 | H102: = | I102: =ABS(I85*C6-I84*C7) -> 4.1798802 | J102: t.m
B103: Long. Eccentricity ( for input) | H103: = | I103: =I102/I87 -> 0.3 | J103: m
A106: Case 4 : | B106: Three lane of class-A
B108: Rc = | C108: =CONCATENATE("90% of"," 3*",ROUND(I60,1)) -> 90% of 3*0 | H108: = | I108: =0.9*3*I60 -> 0 | J108: t
B109: Rb = | C109: =CONCATENATE("90% of"," 3*",ROUND(I61,1)) -> 90% of 3*7 | H109: = | I109: =0.9*3*I61 -> 18.809461 | J109: t
B110: Ra= | H110: = | I110: =load1*0.9*3-I109 -> 61.110539 | J110: t
B111: Vert.Reaction = | D111: =CONCATENATE(ROUND(I108,1)," + ",ROUND(I109,1)) -> 0 + 18.8 | I111: =I108+I109 -> 18.809461
B112: Braking Force, B = | D112: =CONCATENATE("(0.2)*",55.4,"+","0.05*",55.4) -> (0.2)*55.4+0.05*55.4 | H112: = | I112: =(0.2)*55.4+(0.05)*55.4 -> 13.85 | J112: t
B113: (5% extra taken for third lane)
B114: Dead load reaction on the pier , Rg | H114: = | I114: =I33 -> 485 | J114: t
B115: Value of " m " = | H115: = | I115: 0
B116: Horizontal force due to temperature, T = m*(Rg+Ra) | H116: = | I116: =I115*(I114+I111) -> 0 | J116: t
B117: Design horizontal force is higher of either ( B/2+T ) or ( B-T ) | H117: = | I117: =MAX(I112/2+I116,I112-I116) -> 13.85 | J117: t
B118: ( neglecting shear rating of elastomeric bearing in the adjacent span, which is on the conservative side )
B120: CL class A(3L) | F120: CL of c/w
C121: 4.8 | E121: =E124/2-C121 -> 0.7
E124: 11 | F124: m
B125: Transverse eccentricity | H125: = | I125: =E121 -> 0.7 | J125: m
B126: Transverse moment = | E126: =CONCATENATE(I125,"*",ROUND(I111,1)) -> 0.7*18.8 | H126: = | I126: =I125*I111 -> 13.166623 | J126: t.m
B127: Long. moment = | D127: =CONCATENATE(ROUND(I109,1),"*",C6,"-",ROUND(I108,1),"*",C7) -> 18.8*0.3-0*0.3 | H127: = | I127: =ABS(I109*C6-I108*C7) -> 5.6428383 | J127: t.m
B128: Long. Eccentricity ( for input) | H128: = | I128: =I127/I111 -> 0.3 | J128: m
A130: Case 5 : | B130: One lane of class-70R(W)+One lane of class-A
...

Sheet loadsumm 
A1: Summary of Loads
A3: Max. Longitudinal Moment | F3: Design horizontal force (t) | H3: Transverse ecc. (m) | I3: Longitudinal ecc. (m)
A4: Max. vertical reaction (t) | B4: Transverse moment (t.m) | D4: Longitudinal moment (t.m)
A5: =LLOAD!I31 -> 60.359281 | B5: =LLOAD!I46 -> 175.34371 | D5: =LLOAD!I47 -> 18.107784 | F5: =LLOAD!I37 -> 16 | H5: =LLOAD!I45 -> 2.905 | I5: =LLOAD!I48 -> 0.3
A6: =LLOAD!I63 -> 55.4 | B6: =LLOAD!I77 -> 160.66 | D6: =LLOAD!I78 -> 2.0899401 | F6: =LLOAD!I68 -> 11.08 | G6: =[3]LLOAD!M63 -> #REF! | H6: =LLOAD!I76 -> 2.9 | I6: =LLOAD!I79 -> 0.037724551
A7: =LLOAD!I85 -> 13.932934 | B7: =LLOAD!I101 -> 16.022874 | D7: =LLOAD!I102 -> 4.1798802 | F7: =LLOAD!I92 -> 11.08 | G7: =[3]LLOAD!L228 -> #REF! | H7: =LLOAD!I125 -> 0.7 | I7: =LLOAD!I128 -> 0.3
A8: =LLOAD!I109 -> 18.809461 | B8: =LLOAD!I126 -> 13.166623 | D8: =LLOAD!I127 -> 5.6428383 | F8: =LLOAD!I117 -> 13.85 | G8: =[3]LLOAD!L252 -> #REF! | H8: =LLOAD!I125 -> 0.7 | I8: =LLOAD!I128 -> 0.3
A9: =LLOAD!I133 -> 60.593174 | B9: =LLOAD!I150 -> 115.92694 | D9: =LLOAD!I152 -> 18.177952 | F9: =LLOAD!I140 -> 18.77 | G9: =[3]LLOAD!L275 -> #REF! | H9: =LLOAD!I151 -> 1.9132013 | I9: =LLOAD!I153 -> 0.3
C11: Max.Transverse Moment | F11: Design horizontal force (t) | G11: Transverse ecc. (m) | H11: Longitudinal ecc. (m)
A12: Load case | C12: Max. vertical reaction (t) | D12: Transverse moment (t.m) | E12: Longitudinal moment (t.m)
A13: 1L class 70 - R | C13: =LLOAD!I173 -> 53 | D13: =LLOAD!I187 -> 153.965 | E13: =LLOAD!I188 -> 2.8426347 | F13: =LLOAD!I178 -> 20 | G13: =LLOAD!I186 -> 2.905 | H13: =LLOAD!I189 -> 0.053634618
A14: 1L class - A | C14: =LLOAD!I204 -> 34.622275 | D14: =LLOAD!I218 -> 145.41356 | E14: =LLOAD!I219 -> 4.5232096 | F14: =LLOAD!I209 -> 10 | G14: =LLOAD!I217 -> 4.2 | H14: =LLOAD!I220 -> 0.13064449
A15: 2L class - A | C15: =LLOAD!H228 -> 69.244551 | D15: =LLOAD!H242 -> 79.631234 | E15: =LLOAD!H243 -> 9.0464192 | F15: =LLOAD!H233 -> 11.08 | G15: =LLOAD!H243 -> 9.0464192 | H15: =LLOAD!H244 -> 0.13064449
A16: 3L class - A | C16: =LLOAD!H252 -> 93.480144 | D16: =LLOAD!H267 -> 65.436101 | E16: =LLOAD!H268 -> 12.212666 | F16: =LLOAD!H258 -> 13.85 | G16: =LLOAD!H266 -> 0.7 | H16: =LLOAD!H269 -> 0.13064449
A17: 1L class 70 - R + 1L class - A | C17: =LLOAD!H273+LLOAD!H274 -> 78.826635 | D17: =LLOAD!H291 -> 112.39406 | E17: =LLOAD!H293 -> 6.6292599 | F17: =LLOAD!H281 -> 18.77 | G17: =LLOAD!H292 -> 1.4258386 | H17: =LLOAD!H294 -> 0.084099238
A19: Vertical reaction due to braking has been neglected.

Sheet LL-ABSTRACT
B2: Maximum Reaction due Live Load including Impact | H2: =MAX('loadsumm '!C13,'loadsumm '!C14,'loadsumm '!C15,'loadsumm '!C17) -> 78.826635 | I2: MT | J2: = | K2: =H2*10 -> 788.26635 | L2: KN
B4: Maximum Longitudinal moment due to Live Load including Impact and Breaking Force | H4: =MAX('loadsumm '!E15,'loadsumm '!E16,'loadsumm '!E17,'loadsumm '!E19) -> 12.212666 | I4: T-M | J4: = | K4: =H4*10 -> 122.12666 | L4: KNM
B6: Maximum Transverse moment due to Live Load including Impact and Breaking Force | H6: =MAX('loadsumm '!D17,'loadsumm '!D18,'loadsumm '!D19,'loadsumm '!D21) -> 112.39406 | I6: T-M | J6: = | K6: =H6*10 -> 1123.9406 | L6: KNM

Sheet TYPE1-AbutMENT Drawing
A1: ='FOOTING DESIGN'!A2:N2 -> Name Of Work :- Construction of Submersible Bridge on ON KHERWARA - JAWAS - SUVERI ROAD IN KM 9/000, ACROSS RIVER SOM
A2: Deck Level | G2: =HYDRAULICS!E40 -> 101.6 | H2: M
A3: Foundation Level | G3: ='STABILITY CHECK FOR PIER'!E18-1+4 -> 96.47 | H3: M
A4: Thickness of Deck Slab | G4: ='Deck Anchorage'!H11*1000 -> 750 | H4: mm
A5: Thickness of Approach Slab | G5: 300 | H5: mm
A6: Height below Approach Slab | G6: =(Y14-Y31-G5/1000)*1000 -> 4830 | H6: mm
A7: Length of Heel projection | G7: =4500 -> 4500 | H7: mm | J7: Offset | K7: 1000 | L7: mm
A8: Length of Toe projection | G8: =2500 -> 2500 | H8: mm | J8: Offset | K8: 1000 | L8: mm
A9: Width of Stem | G9: 1050 | H9: mm
A10: Thickness of Abutment Cap | G10: 1200 | H10: mm
A11: Thickness of Dirt Wall | G11: 300 | H11: mm
A12: Depth of Footing | G12: 1000 | H12: mm
M13: =G11 -> 300
X14: RL | Y14: =G2 -> 101.6 | Z14: M
A15: =G5 -> 300 | F15: APPROACH SLAB
K17: =G4-G5 -> 450 | M17: DIRT WALL | Q17: DECK SLAB | W17: =G4 -> 750
J20: =G10 -> 1200 | N20: PIER CAP
B21: =G6 -> 4830
K23: =B21-K17-J20-W30 -> 2180
C28: =K7 -> 1000 | F28: HEEL | S28: TOE | U28: =K8 -> 1000
W30: =G12 -> 1000
X31: RL | Y31: =G3 -> 96.47 | Z31: M
G32: =G7 -> 4500 | O32: =G9 -> 1050 | S32: =G8 -> 2500
M33: =G32+O32+S32 -> 8050
C35: TYPICAL SECTION OF THE ABUTMENT TYPABUT-01

Sheet TYPE1-STABILITY CHECK ABUTMENT
A1: Design of ABUTMENT
A2: ='TYPE1-AbutMENT Drawing'!A1:Z1 -> Name Of Work :- Construction of Submersible Bridge on ON KHERWARA - JAWAS - SUVERI ROAD IN KM 9/000, ACROSS RIVER SOM
A3: (a) Data | B3: Preliminary dimensions | C3: : Assumed as in Fig. TYPABUT-01
B4: Superstructure | C4: : RCC Slab Bridge | D4: Total Width of Slab = | F4: 8.4 | G4: M
C5: overall length = 8.80 m
B6: Type of abutment | C6: : Reinforced concrete
B7: Loading | C7: : As for National Highway
B8: Back fill | C8: : Gravel with angle of repose Φ = | F8: 35 | G8: o
C9: Unit weight of back fill, w = | E9: 18 | F9: kN/m3
C10: Angle of internal friction of soil on wall, z = | F10: 17.5 | G10: o
B11: Approach slab | C11: : R.C. slab 300 mm thick, adequately reinforced
B12: Load from superstructure per running foot of abutment wall:
B13: Dead load | C13: = | D13: ='STABILITY CHECK FOR PIER'!P46/8.4 -> 177.84689 | E13: kN/m
B14: Live load | C14: = | D14: ='STABILITY CHECK FOR PIER'!F63/8.4 -> 93.841232 | E14: kN/m
B15: (Refer Stability Analysis for sub structure. The above two values are obtained from the calculations for superstructure, and are taken to act over a width of 15 m).
B16: Bearing : Tar Paper Bearings
A17: (C) Self weight of abutment
B18: Treating the section as composed of 6 elements as shown in Fig. 1the weight of each element and moment about the point O on the front toe are computed as in Table 1
A19: (d) Longitudinal forces
A20: (i) | B20: Force due to braking
B21: Force due to 70 R wheeled vehicle = | C21: 0.2 | D21: x | E21: 1000 | F21: = | G21: =C21*E21 -> 200 | H21: kN
B22: This force acts at 1.2 m above the road level(Clause 214.3).
B23: Force on one abutment wall = | C23: =G21 -> 200 | D23: / | E23: 2 | F23: = | G23: =C23/E23 -> 100 | H23: kN
B24: Horizontal force per m of wall = | C24: =G23 -> 100 | D24: / | E24: =F4 -> 8.4 | F24: = | G24: =ROUNDUP(C24/E24,2) -> 11.91 | H24: kN/ m
A25: (ii) | B25: Force due to temperature variation and shrinkage
B26: Assuming moderate climate, variation in temperature is taken as + | D26: 17 | E26: oC as per
B27: Clause 218.5 of Bridge Code.
B28: Coefficient of Thermal expansion = | C28: =11.7*10^-6 -> 1.17e-05 | D28: /oC
B29: Strain due to temperature variation = | C29: =D26 -> 17 | D29: x | E29: =C28 -> 1.17e-05 | F29: = | G29: =C29*E29 -> 0.0001989
B30: From Clause 220.3, strain due to concrete shrinkage = | C30: =2*10^-4 -> 0.0002
B31: Total strain due to temperature and shrinkage = | C31: =G29 -> 0.0001989 | D31: + | E31: =C30 -> 0.0002 | F31: = | G31: =E31+C31 -> 0.0003989
B32: Horizontal deformation of deck due to temperature and shrinkage affecting one abutment = | C32: =G31 -> 0.0003989 | D32: x | E32: ='STABILITY CHECK FOR PIER'!D27*1000 -> 8800 | F32: /2 = | G32: =C32*E32/2 -> 1.75516 | H32: mm
B33: Modulus of Elasticity Ec = | C33: 5000x fck1/2 | D33: = | E33: =ROUNDUP(5700*(30^0.5),2) -> 31220.19 | F33: N/mm2
B34: Horizontal Stress due to strain in longitudinal direction at bearing level = | C34: =G31 -> 0.0003989 | D34: x | E34: =E33 -> 31220.19 | F34: = | G34: =G31*E33 -> 12.453734 | H34: N/mm2
B35: Horizontal Force due to strain in longitudinal direction at bearing level (For 1 m width of Slab) = | C35: =G34 -> 12.453734 | D35: x | E35: ='STABILITY CHECK FOR PIER'!H27*1000 -> 750 | F35: = | G35: =C35*E35 -> 9340.3003 | H35: N/m
F36: = | G36: =G35/1000 -> 9.3403003 | H36: kN/m
A37: (iii) | B37: Vertical reaction due to braking
B38: 200(1.2 + 0.975)
B39: Vertical reaction at one abutment = ---------------------- | D39: = | E39: =200*(1.2+0.975)/(11.1*15) -> 2.6126126 | F39: kN/m
B40: 11.10x15
A41: (d)Earth pressure
B42: Active earth pressure P = 0.5 wh2 Ka
B43: where Ka is obtained from Equation (3.5)
B44: Ka = secΘ sin(Θ-Φ)/[(sin(Θ+z)1/2 +{sin(Φ+z) sin(Φ-δ)/sin(Θ-δ)}1/2]
B45: Where P= Total active pressure, acting at a height of 0.42 h inclined at z to the normal to the wall on the earth side
B46: w = unit weight of earth fill
B47: h = height of wall
B48: Θ = Angle subtended by the earthside wall with thw horizontal on the earth side
B49: Φ = Angle of internal friction of the earthfill
B50: z = angle of friction of the earthside wall with the earth
B51: δ = Inclination of earthfill surface with the horizontal
B52: Θ = | C52: 90 | D52: 0 | F52: Φ = | G52: =F8 -> 35 | H52: 0
B53: z = | C53: =F10 -> 17.5 | D53: 0 | F53: δ = | G53: 0 | H53: 0
B54: Substituting values in Equation (3.5), we get Ka = | C54: =ROUNDUP(0.496,3) -> 0.496 | D54: Coefficient
B55: Height of backfill below approach slab = | C55: ='TYPE1-AbutMENT Drawing'!G6/1000 -> 4.83 | D55: m
B56: Active earth pressure =
B57: =0.5 -> 0.5 | C57: x | D57: =E9 -> 18 | E57: x | F57: =C55 -> 4.83 | G57: 2 x | H57: =C54 -> 0.496
B58: = | C58: =ROUNDUP(B57*D57*F57*F57*H57,2) -> 104.15 | D58: kN/m
B59: Height above base of centre of pressure = | C59: =0.42 -> 0.42 | D59: x | E59: =C55 -> 4.83 | F59: = | G59: =ROUNDUP(C59*E59,2) -> 2.03 | H59: m
B60: Passive pressure in front of toe slab is neglected.
A61: (e) Live load surcharge and approach slab
B62: Equivalent height of earth for live load surcharge as per clause 714.4 is 1.20 m
B63: Horizontal force due to L.L. surcharge =1.2 x 18 x 0.496 x 9.20 = | E63: =ROUNDUP(1.2*18*0.496*$C$55,2) -> 51.75 | F63: kN/m
B64: Horizontal force due to approach slab = 0.3 x 24 x 0.496 x 9.20 = | E64: =ROUNDUP(0.3*24*0.496*$C$55,2) -> 17.25 | F64: kN/m
D65: Total | E65: =SUM(E63:E64) -> 69 | F65: kN/m
B66: The above two forces act at | C66: ='TYPE1-AbutMENT Drawing'!B21/2000 -> 2.415 | D66: m above the base.
B67: Vertical load due to L.L. surcharge and approach slab
B68: =CONCATENATE("= (1.2 x 18 + 0.3 x 24 ) x ",'TYPE1-AbutMENT Drawing'!G32/1000," = ") -> = (1.2 x 18 + 0.3 x 24 ) x 4.5 = | C68: =((1.2*18)+(0.3*24))*'TYPE1-AbutMENT Drawing'!G32/1000 -> 129.6 | D68: kN/m
A69: (f) Weight of earth on heel slab
B70: Vertical load = | C70: =CONCATENATE("18 x",'TYPE1-AbutMENT Drawing'!G32/1000,"x (",'TYPE1-AbutMENT Drawing'!G6/1000," - ",'TYPE1-AbutMENT Drawing'!W30/1000,")") -> 18 x4.5x (4.83000000000001 - 1) | D70: = | E70: =C124 -> 34.48 | F70: kN/m
A71: (g) Check for stability - overturning
B72: The forces and their position are as shown in Fig. 1
B73: The forces and moments about the point O at toe on the base are tabulated as in
B74: Table 1 Two cases of lading condition are examined (i) Span loaded condition and (ii) Span unloaded condition.
B75: Case (i) Span loaded condition
B76: See Row 15 of Table 12.3
B77: Overturning moment about toe = | C77: =G134 -> 471.349 | D77: kN-m
B78: Restoring moment about toe = | C78: =F134 -> 4132.472 | D78: kN-m
B79: Factor of safety against overturning = | C79: =C78 -> 4132.472 | D79: / | E79: =C77 -> 471.349 | F79: = | G79: =ROUND(C79/E79,2) -> 8.77
B80: Location of Resultant from O | G80: > 1.5 Hence Safe
B81: X0 = ( MV - MH) / V= ( 1740.9 - 623.1) / 691.4 = 1.62 m
C82: =CONCATENATE("=(",F134," - ",G134," ) / ",C134," ) =") -> =(4132.472 - 471.349 ) / 1004.041 ) = | E82: =ROUND((F134-G134)/C134,2) -> 3.65 | F82: m
A83: Eccentricity of resultant
B84: emax = B/6 = | C84: ='TYPE1-AbutMENT Drawing'!M33/1000 -> 8.05 | D84: /6 = | E84: =C84/6 -> 1.3416667 | F84: m
B85: e = (B/2 -X0) = 0.78 m < 0.80 m | C85: ='TYPE1-AbutMENT Drawing'!M33/2000 -> 4.025 | D85: - | E85: =E82 -> 3.65 | F85: = | G85: =ROUNDUP(C85-E85,2) -> 0.38 | H85: m
F86: < | G86: =E84 -> 1.3416667 | H86: m
B87: Case (ii) Span unloaded condition
B88: See Row 11 of Table 12.3
B89: Overturning moment about toe = | C89: =G128 -> 419.064 | D89: kN-m
B90: Restoring moment about toe = | C90: =F128 -> 3855.154 | D90: kN-m
B91: Factor of safety against overturning = | C91: =C90 -> 3855.154 | D91: / | E91: =C89 -> 419.064 | F91: = | G91: =ROUND(C91/E91,2) -> 9.2
B92: Location of Resultant from O | G92: > 1.5 Hence Safe
B93: X0 = ( MV - MH) / V=
C94: =CONCATENATE("=(",F128," - ",G128," ) / ",C128," ) =") -> =(3855.154 - 419.064 ) / 907.587 ) = | E94: =ROUND((F128-G128)/C128,2) -> 3.79 | F94: m
A95: (h)Check for stresses at base
B96: For Span loaded condition
B97: Total downward forces = | C97: =C134 -> 1004.041 | D97: kN
D98: =C134 -> 1004.041 | E98: 6 x 0.78
A99: Extreme stresses at base =
B100: Maximum Stress = | C100: =CONCATENATE($C$97,"/","(",'TYPE1-AbutMENT Drawing'!$M$33/1000,"x",1,")","(1 +","(",6,"x",$G$85,"/",'TYPE1-AbutMENT Drawing'!$M$33/1000,"))") -> 1004.041/(8.05x1)(1 +(6x0.38/8.05)) | E100: = | F100: =ROUNDUP(($D$98*1000/'TYPE1-AbutMENT Drawing'!$M$33)*(1+$G$85*6*1000/'TYPE1-AbutMENT Drawing'!$M$33),2) -> 160.06 | G100: kN/m2
...

Sheet TYPE1-ABUTMENT FOOTING DESIGN
A1: DESIGN OF ABUTMENT FOOTING
A2: ='TYPE1-STABILITY CHECK ABUTMENT'!A2 -> Name Of Work :- Construction of Submersible Bridge on ON KHERWARA - JAWAS - SUVERI ROAD IN KM 9/000, ACROSS RIVER SOM
A3: REDISTRIBUTION OF PRESSURE
A4: FOR WIND AT SERVICE CONDITION
B5: Length of footing | C5: lf | D5: =15+'TYPE1-AbutMENT Drawing'!K7/1000+'TYPE1-AbutMENT Drawing'!K8/1000 -> 17 | E5: m
B6: Width of Footing | C6: lb | D6: ='TYPE1- Abut Footing STRESS'!D18 -> 8.05 | E6: m
B7: Width of Abutment just above footing | D7: =D6-('TYPE1-AbutMENT Drawing'!K7+'TYPE1-AbutMENT Drawing'!K8)/1000 -> 6.05 | E7: m
B8: Vertical Load | C8: P | D8: ='TYPE1-STABILITY CHECK ABUTMENT'!C134 -> 1004.041 | E8: kN
B9: Longitudinal Moment | C9: Me | D9: ='TYPE1-STABILITY CHECK ABUTMENT'!G136 -> 3661.123 | E9: kN-m
B10: Transverse Moment | C10: Mb | D10: 0 | E10: kN-m
B11: el | C11: = Me/P | D11: =D9/D8 -> 3.6463879 | E11: m
B12: eb | C12: = Mb/P | D12: =D10/D8 -> 0 | E12: m
B13: el/lf | D13: =D11/D5 -> 0.21449341 | E13: Refer VK Raina "Concrete Bridge Practice : Analysis, Design and Economics " Chapter 14 "Evaluation of Base Presssure and Contact Area" Fig 14.2 & 14.3
B14: eb/lb | D14: =D12/D6 -> 0
B15: K | D15: 1
B16: y | D16: 0
B17: Area in Tension = y x lb | E17: =D6*D16 -> 0 | F17: m2 | G17: =E17/D6*100 -> 0 | H17: %
B18: Maximum Pressure before Redistribution | E18: ='TYPE1-STABILITY CHECK ABUTMENT'!F100 -> 160.06 | F18: kN/m2
B19: Maximum Pressure After Redistribution = pxK | E19: =E18*D15 -> 160.06 | F19: kN/m2
B20: Maximum Stress at Edge of Pier | E20: =E19 -> 160.06 | F20: kN/m2
B21: Distance From Face of Pier to the Edge | E21: ='TYPE1- Abut Footing STRESS'!F8 -> 1 | F21: m
B22: Stress at the Edge of Pier | E22: =(D6-E17-E21)*E20/(D6-E17) -> 140.17677 | F22: kN/m2
B23: Average Stress on Cantilevered Area | E23: =(E20+E22)/2 -> 150.11839 | F23: kN/m2
B24: Area of the Cantilever Portion | E24: =E21*1 -> 1 | F24: m2
B25: Distance of Centroid of the Stress in Cantilever Portion | E25: =E21/3*(E22+2*E20)/(E20+E22) -> 0.51103753 | F25: m
B26: Moment about the Face of Pier | E26: =E23*E24*E25 -> 76.716128 | F26: kN-m
B27: CONCRETE GRADE | E27: M-25
B28: FOR THIS GRADE scbc | E28: 10 | F28: N/mm2
B29: m | E29: =280/(3*E28) -> 9.3333333
B30: sst | E30: 200
B31: factor k | E31: =(E29*E28)/(E28*E29+E30) -> 0.31818182
B32: j | E32: =1-(E31/3) -> 0.89393939
B33: R | E33: =0.5*E28*E32*E31 -> 1.4221763
B34: Effective Depth Required | E34: =SQRT((E26*1000*1000)/(E33*1000)) -> 232.25583 | F34: mm
B35: Adopt Total Depth | E35: 1000 | F35: mm
B36: Cover | E36: 50 | F36: mm
B37: Assume Bar Dia | E37: 16 | F37: mm
B38: Keeping A Cover Of 50 mm Effective Depth | E38: =E35-E36-E37/2 -> 942 | F38: mm
B39: Adopt Effective Depth | E39: =IF(E34>E38,E34,E38) -> 942 | F39: mm
B40: Steel Required Ast | E40: =(E26*1000*1000)/(E30*E32*E39) -> 455.50978 | F40: mm2
B41: Area Of One Bar | E41: =3.14*E37*E37/4 -> 200.96 | F41: mm2
B42: Spacing S | E42: =(E41*1000)/E40 -> 441.17604 | F42: mm
B43: Provide Bars Of Dia And Spacing | C43: =E37 -> 16 | D43: mm | E43: 150 | F43: mm | G43: Adopt spacing as 150 mm
B44: Area Of Distribution Steel | E44: =(0.2*1000*E39)/100 -> 1884 | F44: mm2
B45: Dia Of Bar For Distribution Steel | E45: 20 | F45: mm
B46: Area Of One Bar In Distribution Reinforcement | E46: =3.14*E45*E45/4 -> 314 | F46: mm2
B47: Using The Bars Spacing Required | E47: =(E46*1000)/E44 -> 166.66667 | F47: mm
B48: Provide Bars Of Dia And Spacing | C48: 16 | D48: mm | E48: =ROUNDDOWN(E47,-1) -> 160 | F48: mm | G48: Adopt spacing as 150 mm
B50: Provide Bars Of Dia And Spacing for Top Main Steel | C50: 12 | D50: mm | E50: 150 | F50: mm
B51: Provide Bars Of Dia And Spacing for Top Distribution Steel | C51: 12 | D51: mm | E51: 150 | F51: mm
A52: CHECK FOR SHEAR | C52: (As per IRC 21-1987 Cl. 304.7)
B53: Critical Section is at a distance equal to effective depth from pier face | E53: =E39 -> 942 | F53: mm
B54: Section of Shear from end of pier | E54: =E21-E53/1000 -> 0.058 | F54: m
B55: Maximum Stress at Edge of Pier | E55: =E20 -> 160.06 | F55: kN/m2
B56: Stress at the Section for Shear Check | E56: =E55/('[7]STRESS DIAGRAM'!D18-'[7]STRESS DIAGRAM'!B21)*(-'TYPE1-ABUTMENT FOOTING DESIGN'!E54+'[7]STRESS DIAGRAM'!D18-'[7]STRESS DIAGRAM'!B21) -> 157.48126 | F56: kN/m2
B57: Average Stress on Cantilevered Area | E57: =(E55+E56)/2 -> 158.77063 | F57: kN/m2
B58: Shear Force | E58: =E57*E54 -> 9.2086964 | F58: kN
B59: V=V' + M/d tanB | C59: (B=0) Hence V =V'
B60: Actual Shear Stress | E60: =E58*1000/E53/1000 -> 0.0097756862 | F60: N/mm2
B61: Percentage Steel | C61: 100As/bd | E61: =100*E41*(1000/E43)/(1000*E39) -> 0.14222222
B62: Tc | E62: 0.23 | F62: N/mm2
B63: k=1
B64: Permissble Shear Stress = k Tc | E64: =E62 -> 0.23 | F64: N/mm2
D65: < Actual Shear Stress hence Shear Reinforcement should be provided
B66: Dia Of two Legged Stirrups | E66: 16 | F66: mm
B67: Area Of One Bar In Distribution Reinforcement | E67: =3.14*E66*E66/4 -> 200.96 | F67: mm2
B68: Using The Bars Spacing Required s= Asw ts d/V | E68: =2*E67*E30*E39/(E58*1000) -> 8222.8499 | F68: mm
B69: Provide Bars Of Dia And Spacing | C69: =E66 -> 16 | D69: mm | E69: 150 | F69: mm | G69: Adopt spacing as 150 mm

Sheet TYPE1- Abut Footing STRESS
E1: =D18-1 -> 7.05 | F1: m
B8: ='TYPE1-AbutMENT Drawing'!K7/1000 -> 1 | C8: m | F8: ='TYPE1-AbutMENT Drawing'!K8/1000 -> 1 | G8: m
D18: ='TYPE1-AbutMENT Drawing'!M33/1000 -> 8.05 | E18: m
B21: 258.56357 | C21: m
E25: ='TYPE1-ABUTMENT FOOTING DESIGN'!E56 -> 157.48126
E26: kN/m2 | G26: ='TYPE1-ABUTMENT FOOTING DESIGN'!E55 -> 160.06 | H26: kN/m2
D29: STRESS DIAGRAM
A31: DESIGN OF ABUTMENT FOOTING

Sheet TYPE1-STEEL IN ABUTMENT
A1: REINFORCEMENT CALCULATION IN ABUTMENT SUBMERSIBLE BRIDGE
A2: ='TYPE1-STABILITY CHECK ABUTMENT'!A2 -> Name Of Work :- Construction of Submersible Bridge on ON KHERWARA - JAWAS - SUVERI ROAD IN KM 9/000, ACROSS RIVER SOM
A3: Minimum Shrinkage and Temperature reinforcement required as per Clause 305.10 IRC 21-2000
A4: in any RC structure is 250 Sq mm per m in each direction. Allowable maximum spacing is 300 mm.
B5: Shrinkage and Temperature reinforcement required per metre = | E5: 250 | F5: mm2
B6: Area Of One Bar | C6: 12 | D6: mm dia | E6: =3.14*C6*C6/4 -> 113.04 | F6: mm2
B7: Spacing S | E7: =(E6*1000)/E5 -> 452.16 | F7: mm
B8: Provide Bars Of Dia And Spacing | C8: =C6 -> 12 | D8: mm | E8: 125 | F8: mm
B9: Provide Bars Of Dia And Spacing | C9: =C8 -> 12 | D9: mm | E9: 125 | F9: mm
B10: HORIZONTAL SHRINKAGE &TEMPERATURE REINFORCEMENT | D10: 12 | E10: MM BARS | F10: =E8 -> 125 | G10: MM | H10: In Vertical direction on all FOUR faces
B11: VERTICAL SHRINKAGE &TEMPERATURE REINFORCEMENT | D11: 12 | E11: MM BARS | F11: =F10 -> 125 | G11: MM | H11: In Lateral direction on all FOUR faces

Sheet TYPE1-Abutment Cap
B1: DESIGN OF Abutment CAP SUBMERSIBLE BRIDGE
A2: ='TYPE1-STABILITY CHECK ABUTMENT'!A2 -> Name Of Work :- Construction of Submersible Bridge on ON KHERWARA - JAWAS - SUVERI ROAD IN KM 9/000, ACROSS RIVER SOM
A3: DESIGN OF Abutment CAP :-
A4: D.L./ M Width along bridge
A5: DL. Of Slab = | C5: 0.975 | D5: x | E5: 15 | F5: x. | G5: 2.4 | H5: = | I5: =C5*E5*G5 -> 35.1 | J5: T
A6: D.L. of Wearing coat = | C6: 0.075 | D6: x | E6: 12 | F6: x. | G6: 2.4 | H6: = | I6: =C6*E6*G6 -> 2.16 | J6: T
G7: TOTAL | I7: =SUM(I5:I6) -> 37.26 | J7: T
A8: D.L. of Slab & Wearing coat on half of the Abutment | E8: =
E9: =I7 -> 37.26 | F9: / | G9: 2 | H9: = | I9: =E9/G9 -> 18.63 | J9: T
A10: L.L. on Abutment cap including impact along bridge
D11: = | E11: 82.5 | F11: x | G11: 1.1375 | H11: = | I11: =E11*G11 -> 93.84375 | J11: T
A12: (Refer Live Load Computation)
A13: Dispersion width across the span for
A14: 70 T TRACKED VEHTCLE | D14: = | E14: 6.695 | F14: M
A15: ( Refer Solid slab design page SS-16)
A16: Live Load u.d.l. on Abutment | D16: = | E16: =I11 -> 93.84375 | F16: / | G16: =E14 -> 6.695 | H16: = | I16: =E16/G16 -> 14.01699 | J16: T
B17: Per M width
A18: Total Load on Half = | D18: =I9 -> 18.63 | E18: + | F18: =I16 -> 14.01699 | H18: = | I18: =D18+F18 -> 32.64699 | J18: T
A19: of Abutment along bridge | I19: Per M width
A20: Effective depth of slab =90-2.5-2.5/2 = | D20: =90-2.5-1.25 -> 86.25 | E20: cm
A21: Placement of the live load at effective depth from the support ( taking support width 750 mm)
A22: Eccentricity = 71.25 -75/2 | D22: = | E22: =71.25-37.5 -> 33.75 | F22: cm | G22: = | H22: =E22/100 -> 0.3375 | I22: M
A23: Bending Moment along the bridge = | C23: =I18 -> 32.64699 | D23: x | E23: =H22 -> 0.3375 | H23: =ROUNDUP(C23*E23,2) -> 11.02 | I23: T - M/M width
B24: = | C24: =H23 -> 11.02 | D24: x | E24: 10 | F24: = | G24: =ROUNDUP(C24*10,2) -> 110.2 | H24: kN-M/M width
A25: This moment is too small hence it will not/be the governing B.M.
B26: Moment in Abutment cap | E26: =G24 -> 110.2 | F26: kN-m
B27: CONCRETE GRADE | E27: M30
B28: FOR THIS GRADE scbc | E28: 10 | F28: N/mm2
B29: m | E29: =280/(3*E28) -> 9.3333333
B30: sst | E30: 200
B31: factor k | E31: =(E29*E28)/(E28*E29+E30) -> 0.31818182
B32: j | E32: =1-(E31/3) -> 0.89393939
B33: R | E33: =0.5*E28*E32*E31 -> 1.4221763
B34: Effective Depth Required | E34: =SQRT((E26*1000*1000)/(E33*1000)) -> 278.36465 | F34: mm
B35: Adopt Total Depth | E35: =1200 -> 1200 | F35: mm
B36: Cover | E36: 50 | F36: mm
B37: Assume Bar Dia | E37: 25 | F37: mm
B38: Keeping A Cover Of 50 mm Effective Depth | E38: =E35-E36-E37/2 -> 1137.5 | F38: mm
B39: Adopt Effective Depth | E39: =IF(E34>E38,E34,E38) -> 1137.5 | F39: mm
B40: Steel Required Ast | E40: =(E26*1000*1000)/(E30*E32*E39) -> 541.86627 | F40: mm2
B41: Area Of One Bar | E41: =3.14*E37*E37/4 -> 490.625 | F41: mm2
B42: Spacing S | E42: =(E41*1000)/E40 -> 905.43558 | F42: mm
B43: Provide Bars Of Dia And Spacing | C43: =E37 -> 25 | D43: mm | E43: 100 | F43: mm | G43: Adopt spacing as 100 mm
B44: Provide Bars Of Dia And Spacing for Top Main Steel | C44: =C43 -> 25 | D44: mm | E44: =E43 -> 100 | F44: mm
B45: Provide Bars Of Dia And Spacing for Bottom Steel | C45: 16 | D45: mm | E45: =E44 -> 100 | F45: mm
A46: Abutment SECTION ACROSS BRIDGE
A47: DEAD LOAD MOMENT PER METRE Width across bridge :-
A48: Slab D.L. | C48: 0.975 | D48: x | E48: 15 | F48: x. | G48: 2.4 | H48: = | I48: =C48*E48*G48 -> 35.1 | J48: T
A49: D.L. of Wearing coat = | C49: 0.075 | D49: x | E49: 12 | F49: x. | G49: 2.4 | H49: = | I49: =C49*E49*G49 -> 2.16 | J49: T
G50: TOTAL | I50: =SUM(I48:I49) -> 37.26 | J50: T
A51: D.L. of Slab & Wearing coat on half of the Abutment | E51: =
E52: =I50 -> 37.26 | F52: / | G52: 2 | H52: = | I52: =E52/G52 -> 18.63 | J52: T/ M width
A53: L.L on Abutment | E53: = | I53: 64.69 | J53: T
A55: Dispersion width along the span for
A56: 70 T Tracked vehical | C56: = | D56: 5.3 | E56: M
A58: L.L. . per M width on Abutment = | E58: =I53 -> 64.69 | F58: / | G58: =D56 -> 5.3 | H58: = | I58: =E58/G58 -> 12.20566 | J58: T/ M width
A59: Total D.L. + L.L. on half of Abutment across | D59: =I52 -> 18.63 | E59: + | F59: =I58 -> 12.20566 | H59: = | I59: =ROUNDUP((D59+F59),2) -> 30.84 | J59: T
A60: bridge per M width | I60: Per M width
A61: The Live Load is with clearance from the Footpath and kerb. The cantilever portion of Abutment cap and width of footpath is 1500 mm
A62: Hence There is no eccentricity.
A63: Bending Moment across the bridge = | C63: =I59 -> 30.84 | D63: x | E63: 0 | H63: =C63*E63 -> 0 | I63: T - M/M width
A64: Provide Minimum steel
A65: Minimum Reinforcement calculation for Abutment cap :-
A66: As per clause 710.8.2, IRC- 78 - 2000, the thickness of Abutment
A67: cap shall be at least 200 mm However the thickness
A68: of Abutment cap here is 1200 MM.
A69: Grade of Concrete M 30
A70: Minimum Shrinkage and Temperature reinforcement required as per Clause 305.10 IRC 21-2000
A71: in any RC structure is 250 Sq mm per m in each direction. Allowable maximum spacing is 300 mm.
A72: Shrinkage and Temperature reinforcement required = | F72: 250 | G72: x | H72: 1.2 | I72: = | J72: =F72*H72 -> 300 | K72: mm2
A73: Provide 25 mm tor reiforcement @ 100 mm c/c ( 14 Nos.) in top along the Abutment cap
A74: Provide 16 mm tor reiforcement @ 100 mm c/c ( 14 Nos.) in bottom along the Abutment cap
A75: Area of Steel Provided at top
A76: = (14x 491) | C76: = | D76: =14*491 -> 6874 | E76: mm2 | F76: > 300 mm2 | H76: OK
A78: Area of Steel Provided at bottom
A79: = (14x 201) | C79: = | D79: 2814 | E79: mm2 | F79: > 300 mm2 | H79: OK
A80: CHECK FOR SHEAR ALONG BRIDGE DIRECTION
B81: V = | C81: =I59 -> 30.84 | D81: T
B82: Shear Force | E82: =C81*10 -> 308.4 | F82: kN
B83: V=V' + M/d tanB | C83: (B=0) Hence V =V'
B84: Actual Shear Stress | E84: =E82*1000/$E$39/1000 -> 0.27112088 | F84: N/mm2
B85: Percentage Steel | C85: 100As/bd | E85: =100*$D$79/(1000*$E$39) -> 0.24738462
B86: Tc | E86: 0.23 | F86: N/mm2
B87: k=1
B88: Permissble Shear Stress = k Tc | E88: =E86 -> 0.23 | F88: N/mm2
D89: < Actual Shear Stress hence Shear Reinforcement should be provided
B90: Dia Of two Legged Stirrups | E90: 16 | F90: mm
B91: Area Of One Bar In Distribution Reinforcement | E91: =3.14*E90*E90/4 -> 200.96 | F91: mm2
B92: Using The Bars Spacing Required s= Asw ts d/V | E92: =2*E91*E30*E39/(E82*1000) -> 296.48768 | F92: mm
B93: Provide Bars Of Dia And Spacing | C93: =E90 -> 16 | D93: mm | E93: 100 | F93: mm | G93: Adopt spacing as 100 mm
A94: HOWEVER
A95: Provide 16 mm tor 2 legged vertical stirrups @ 100 mm centre to centre along the Abutment cap
A96: Provide 16 mm tor 2 legged horizontal stirrups @ 100 mm centre to centre along the Abutment cap
A98: SHEAR CHECK ACROSS BRIDGE DIRECTION
B99: V = | C99: 20.3 | D99: T
B100: Shear Force | E100: =C99*10 -> 203 | F100: kN
B101: V=V' + M/d tanB | C101: (B=0) Hence V =V'
B102: Actual Shear Stress | E102: =E100*1000/$E$39/1000 -> 0.17846154 | F102: N/mm2
B103: Percentage Steel | C103: 100As/bd | E103: =100*$D$79/(1000*$E$39) -> 0.24738462
B104: Tc | E104: 0.23 | F104: N/mm2
...

Sheet TYPE1-DIRT WALL REINFORCEMENT
A1: DESIGN OF DIRT WALL AS COLUMN WITH BENDING
A2: AXIAL LOAD ON THE DIRT WALL | F2: ='TYPE1-DIRT DirectLoad_BM'!N25 -> 31.6 | G2: KN
A3: ASSUME WIDTH OF DIRT WALL | F3: 1000 | G3: MM | H3: EMIN/B | I3: =(300/500+F3/300)/F3 -> 0.0039333333
A4: ASSUME DEPTH OF DIRT WALL | F4: 300 | G4: MM | H4: EMIN/D | I4: =(300/500+F4/300)/F4 -> 0.0053333333
A5: MOMENT TRANSFERRED TO DIRT WALL | F5: ='TYPE1-DIRT DirectLoad_BM'!D62*10 -> 12.8 | G5: KN-M
A6: FACTORED AXIAL LOAD | F6: =F2*1.5 -> 47.4 | G6: KN
A7: FACTORED MOMENT | F7: =F5*1.5 -> 19.2 | G7: KN-M
A8: DIA OF LONGITUDINAL REINFORCEMENT | F8: 10 | G8: MM
A9: CLEAR COVER | F9: 40 | G9: MM
A10: d' | F10: =F9+(F8/2) -> 45 | G10: MM
A11: d'/D | F11: =F10/F4 -> 0.15
A12: ADOPT d'/D | F12: 0.15
A13: PU/FCKBD | F13: =F6*1000/(30*F3*F4) -> 0.0052666667
A14: MU/FCKBD2 | F14: =F7*1000000/(30*F3*F4^2) -> 0.0071111111
A15: REINFORCEMENT EQUALLY DISTRIDUTED ON TWO SIDES
A16: USING CHART NO- OF RCC DESIGN AIDS | F16: 33 | H16: CONC GRADE M-30
A17: P/FCK | F17: 0.01
A18: P | F18: =F17*30 -> 0.3 | H18: > Minimum Steel 0.2% Hence OK
A19: AS | F19: =F18*F3*F4/100 -> 900 | G19: SQ MM
A20: TOTAL NUMBER OF BARS REQUIRED | F20: =ROUNDUP(F19/(0.785*(F8^2)),0) -> 12
A21: NUMBER OF BARS ON EACH SIDE | F21: =ROUNDUP(F20/2,0) -> 6
A22: SPACING | F22: =F3/(F21-1) -> 200 | G22: MM
A24: Alternate design Considering dirt wall as cantilever
D26: B.M. | E26: = | F26: =F5 -> 12.8 | G26: =G5 -> KN-M
C27: deff reqd. = | F27: =F26 -> 12.8 | G27: x | H27: 10 6 | I27: = | J27: 118.7 | K27: mm
F28: 1000 | G28: x | H28: 0.972
C29: dpro | D29: =F4 -> 300 | E29: - | F29: 50 | G29: - | H29: 16 | I29: = | J29: =D29-F29-F8/2 -> 245 | K29: mm | L29: > | M29: 118.7 | O29: mm | P29: (OK)
H30: 2
C31: Ast | D31: = | F31: =F27 -> 12.8 | G31: X | I31: 10 6 | K31: = | L31: =F31*1000000/(F32*H32*J32) -> 284.86858 | M31: mm2
F32: 200 | G32: X | H32: 0.917 | I32: x | J32: =J29 -> 245
B33: This steel is to be provided on back | F33: i.e. | G33: approach slab side
B35: Provide Vertical steel as follows
B36: On River side 10mm bars @ 150 mm c/c | G36: = | H36: =ROUNDUP(78.5*1000/150,0) -> 524 | I36: mm2
B37: On Approach Slab side 10mm bars @ 150 Mm c/c | G37: = | H37: =H36 -> 524 | I37: mm2
B38: Minimum steel required in Horizontal direction
B39: = | C39: 0.002 | D39: x | E39: 1000 | F39: x | G39: 250
B40: = | D40: 500 | E40: mm2
B41: i.e. 250 mm2 | D41: on each face
B42: provide 10 | D42: @ 250 mm | F42: c/c | G42: = | H42: =1000/250*78.5 -> 314 | I42: mm2
C43: ABSTRACT
C44: VERTICAL REINFORCEMENT IN SHAPE OF STIRRUPS on both faces
C45: DIA | D45: 10 | E45: mm
C46: SPACING | D46: 150 | E46: mm
C48: HORIZONTAL REINFORCEMENT BAR DIA on both faces
C49: DIA | D49: 10 | E49: mm
C50: SPACING | D50: 250 | E50: mm

Sheet TYPE1-DIRT DirectLoad_BM
A1: Design of Dirt Wall
B2: Dirt wall is subjected to
B3: (1) | C3: Live load
B4: (2) | C4: Live load surcharge
B5: (3) | C5: Braking force
B6: (3) | C6: Earth Pressure
B7: 1) | C7: Consider 70 T tracked vehicle case is
C8: governing & 14 T Axle over dirt wall,
C9: Dispersion width at top of DIRT WALL
B11: = | C11: 2.9 | D11: + | E11: ( | F11: 1.2 | G11: + | H11: 0.305 | I11: ) | J11: + | K11: 0.83
B13: = | C13: 2.9 | D13: + | E13: 1.53 | G13: + | H13: 0.825
B15: = | C15: 5.255 | D15: M
B16: Live Load | D16: = | E16: 14 | G16: = | H16: 2.66 | I16: T/M
B17: M Length | E17: 5.255
B18: 2) | C18: Self wt. of dirt wall
B19: = | C19: 0.6 | D19: x | E19: 0.3 | F19: x | G19: 2.4
B21: = | C21: 0.495 | D21: T/M
B23: Say | C23: 0.5 | D23: T/M
B25: Total direct loads = | E25: 2.66 | G25: + | H25: 0.5 | I25: = | J25: 3.16 | L25: T/M | M25: = | N25: =J25*10 -> 31.6 | O25: kN
B27: Here considering that only 70% of Braking
B28: force will be on dirt wall & the
B29: rest of braking force will be on soil.
B31: = Braking force/mt. | E31: = | G31: 0.2 | H31: x | I31: 14 | K31: x | L31: 1 | M31: = | N31: 0.53 | O31: T
H32: 5.255
B33: = B.M. due to Braking force
B35: = | C35: 0.53 | D35: x ( | E35: 1.2 | F35: + [ | G35: 0.83 | M35: ] )
B36: = | C36: 1.07 | D36: T-M
B37: Intensity of Earth Pressure at Deck Level
B39: = | C39: 0.224 | D39: x | E39: 1.8 | F39: x | G39: 1.2
B41: = | C41: 0.483 | D41: T/M2
B43: Intensity of Earth Pressure at top of Abutment Cap | G43: =
B45: = | C45: 0.224 | D45: x | E45: 1.8 | F45: x ( | G45: 1.2 | H45: + | I45: 0.825 | K45: )
B47: = | C47: 0.816 | D47: T/M2
B48: B.M. due to Earth Pressure & Live Load
B49: Surcharge/M width
C50: 1 | D50: = ( | E50: 0.816 | G50: - | H50: 0.483 | J50: ) X | K50: 0.825 | L50: X | M50: 0.42 | O50: X | P50: 0.875
B51: = | C51: 2
D53: + | E53: 0.483 | G53: X | H53: 0.825 | J53: X | K53: 0.528
K54: 2
B55: = | C55: 0.048 | D55: + | E55: 0.164
B57: = | C57: 0.21 | D57: T-M
C58: Total BM at top of DIRT WALL
B60: = | D60: 1.07 | E60: + | F60: 0.21
B62: = | D62: 1.28 | E62: T-M | F62: = | G62: =D62*10 -> 12.8 | H62: kN-m
B63: Direct Stress | D63: = | E63: 3.16 | G63: X | H63: 10 3
F64: 30 | G64: X | H64: 100
D65: = | E65: =1.26*25/30 -> 1.05 | G65: Kg./Cm2
B68: Bending Stress | D68: = | E68: 1.28 | G68: X | H68: 10 3
E69: 1 | F69: X | G69: 100 | H69: X | I69: 30 2
E70: 6
D72: = | E72: =1280/(100*900/6) -> 0.085333333 | G72: Kg./Cm2
B74: For M 30 Grade,
B76: Permissible Bending Stress = | G76: 67 | H76: Kg./Cm2
B79: Permissible Direct Compressive
C80: Stress | D80: = | E80: 50 | F80: Kg./Cm2
B83: = | D83: 1.05 | E83: + | F83: 0.09 | H83: < | I83: 1
D84: 50 | F84: 67
B86: = | D86: =1.05/50 -> 0.021 | E86: + | F86: =0.09/67 -> 0.0013432836 | H86: < | I86: 1
B88: = | D88: 0.022 | H88: < | I88: 1 | K88: HENCE OK.

Sheet TYPE1-DIRT LL_BM
A1: DEAD LOAD CALCULATION :-
A2: DEPTH OF DECK SLAB = | B2: 925 | C2: mm
A3: DEPTH OF WEARING COAT = | B3: 75 | C3: mm
A4: DIA OF MAIN BAR = | B4: 25 | C4: mm
A5: Clear cover = | B5: 25 | C5: mm
A6: Effective depth of slab deffective = | B6: =B2 -> 925 | C6: - | D6: =B5 -> 25 | E6: - | F6: =B5 -> 25 | G6: /2 = | H6: =B2-B5-B4/2 -> 887.5 | I6: mm
A7: Effective SpanLeffective = | B7: 10 | C7: m
A8: DESIGN DEAD LOAD :-
A9: (1) Weight / Sqm of Slab | B9: =B2/1000 -> 0.925 | C9: x | D9: 2.4 | E9: = | F9: =B9*D9 -> 2.22 | G9: T/ Sqm
A10: (2) Weight / Sqm of wearing coat | B10: 0.075 | C10: x | D10: 2.4 | E10: = | F10: =B10*D10 -> 0.18 | G10: T/ Sqm
A11: Total DL | F11: =SUM(F9:F10) -> 2.4 | G11: T/ Sqm
A12: DEAD LOAD BENDING MOMENT | B12: =CONCATENATE(F11,"x",B7,"x",B7,"/8 =") -> 2.4x10x10/8 = | F12: =F11*B7^2/8 -> 30 | G12: T-M
A14: LIVE LOAD CALCULATION :-
A15: [1] CLASS AA TRACKED VEHICLE :-
A16: (a) Dispersion width along the span
A17: = Length of Contact + 2 (Wearing coat + depth of Slab)
A18: =CONCATENATE("= ",3.6,"+2(",B3/1000,"+",B2/1000,")=") -> = 3.6+2(0.075+0.925)= | B18: = | C18: =3.6+(B2+B3)/500 -> 5.6 | D18: m
A20: (b) Dispersion width across the span
A21: be = K x ( 1 - x/Le ) + Bw
A22: K = A Constant having the value depending upon the ratio (be/Le) where ---
B23: be = the effective width of the slab on which the load acts.
B24: Le = Effective Span
B25: x = the distance of c.g. of concentrate load from the near support
B26: bw = The breadth of concentration area of the load i.e. Dimension of
B27: the tyre or track contact area over the road surface
A28: Here ,
A29: be | B29: = | C29: 7.5 | D29: m
A30: Le | B30: = | C30: 10 | D30: m
A31: be/Le | B31: = | C31: =ROUND(C29/C30,2) -> 0.75
A32: Value of K | B32: = | C32: 2.4
A33: Bw = | B33: 0.85 + (2 x 0.075) = | D33: 1 | E33: m
A34: x | B34: = | C34: Le/2 | D34: = | E34: =C30 -> 10 | F34: /2 = | G34: =E34/2 -> 5 | H34: m
A35: be | B35: = | C35: =C32*(1-G34/C30)+D33 -> 2.2 | D35: m
A36: Impact factor is 13.75% as pere IRC Section-II, Clause - 211-3 (a) (i)
A37: DISPERSION ACROSS SPAN (CLASS AA TRACKED VEHICAL)
A38: The tracked vehicle is placed at a distance of minimum clearence of 1.2 m from Kerb
A39: Dispersion across span = C/C distance between wheels + width from centre of wheel on clearence side
B40: + Least on other side or half the dispersion of one wheel.
A41: = 2.05 + 1.93 + Least of 3.825 Or 5.6/2 | H41: =1.925+3.825 -> 5.75
A43: = 2.05 + 1.93 + 2.8 | B43: = | C43: =2.05+1.93+2.8 -> 6.78 | D43: M
A44: Impact factor = 1.1375
A45: Total load with impact | B45: = 70 x 1.1375
B46: = | C46: =ROUNDUP(70*1.1375,2) -> 79.63 | D46: T
A47: Intensity of Load | B47: = | C47: =C46 -> 79.63 | D47: /( | E47: =C35 -> 2.2 | F47: x | G47: =C43 -> 6.78 | H47: ) =
B48: = | C48: =ROUND(C46/(E47*G47),2) -> 5.34 | D48: T
A49: DISPERSION ALONG SPAN (CLASS AA TRACKED VEHICLE)
A51: Maximum Bending Moment due to Live load , at centre
A53: = 5.34 x | B53: 5.6 | C53: (10.00 - | D53: 5.6 | E53: )
B54: 2 | D54: 5
A56: = | B56: =ROUND(C48*C18/2*(C30-C18/5),2) -> 132.77 | C56: T - M
A57: Class AA wheeled vehicle :-
A59: For Maximum B.M. at Centre of the span, the Centre of gravity of the loads and
A60: the centre of the span should coincide
A62: (a) Dispersion width along the span :-
A63: tp = | B63: tc = 2 (tw + ts )
A65: tp = | B65: width of dispersion parallel to span
A67: tc = | B67: width of tyre contact area parallel to span
A69: ts = | B69: Overall depth of slab
A71: tw = | B71: Thickness | C71: of Wearing coat
A72: Dispersion along the span
A73: = 0.15 + 2 ( 0.075 + 0.75) | B73: = | C73: 1.8 | D73: m
A75: Dispersion between two wheel is overlapping hence restricted to 1.2 M
A76: = Dispersion combined for two wheels
A78: = C/c distance between + | D78: Longitudinal
A79: two wheels | D79: dispersion
A81: = 1.2 | C81: + | D81: 1.8
A83: = 3.0 m | B83: ( along the span )
A84: DISPERSION ALONG SPAN ( CLASS AA WHEELED VEHICLE )
A86: (B) Dispersion width across the span :-
A88: be = k x ( 1 - X/L ) + w
A90: Le = 10.0 M & L1 = 7.5 M
A92: = | B92: Value of | C92: K = 2.4
J93: =(2.4*4)*(1-4/8) -> 4.8
A94: X = | B94: L/2 = 10/2 | D94: = 5.00 M
A96: Bw = | B96: 0.30 + 2 ( 0.075) = | E96: 0.45 | F96: M
A98: be = 2.4 x 5 x ( 1 - 5.00/10.00) + 0.45 | B98: = | C98: =2.4*G34*(1-G34/C30)+E96 -> 6.45 | D98: M | F98: (For one Wheel )
A100: DISPERSION ACROSS THE SPAN (CLASS AA WHEELED HEVHICLE)
A102: When the wheel is placed at a distnace of minimum clearance of 1-2 M from Kerb,
A104: Combined effective width
A106: = c/c distance between wheels
A107: + 1/2 of the dispersion of one wheel
A108: + least of available width from centre of wheel on clearance side or half the dispersion
A109: of one wheel
A111: = 2.2 | B111: + 6.45 | C111: + Lesser of 1.655 & | E111: 6.45
B112: 2 | E112: 2
A114: = 2.2 | B114: + 3.225 + 1.655
A116: = | B116: =2.2+3.225+1.655 -> 7.08 | C116: m
A117: According to clause 211.3 (a) (ii) section-III, IRC 6- 1966
A118: Impact factor = 25% | B118: = | C118: 1.25
A119: = Total load of tracks with impact
A120: = 20 x 1.25
A121: = 25 T
A123: Intensity = | C123: Load
C124: dispersion along x across the span
A125: = | B125: 25 x 2
B126: 3.00 x 7.08
A128: = | B128: =ROUND(50/(3*B116),2) -> 2.35 | C128: T/M
A129: DISPERSION ACROSS THE SPAN (CLASS AA WHEELED HEVHICLE)
A130: Maximum B.M. due to Live load at centre
A131: = 2.35 x | B131: 7.08 | C131: (10.00 - | D131: 7.08 | E131: )
...

Sheet TechNote
A3: DESIGN OF SUBMERSIBLE SKEW BRIDGE ACROSS BEDACH RIVER
A5: PREAMBLE
A7: Type of Bridge | K7: TYPE | L7: HFL | M7: DECK
A8: The proposed bridge shall be a Submersible bridge; The HFL is 442.5 m and the proposed Bridge Deck level is 442.63 m. | K8: Submersible | L8: 442.5 | M8: 442.63
A9: The Afflux flood level is below the Top of Deck slab hence the traffic will have no obstruction throughout the year.
A10: Decking Arrangement
A12: The Deck Slab shall standard RCC deck slabs each 8400 mm wide i.e. 7500 mm carriage way and guard stones on both sides. There shall be 25 mm wide expansion joint between the adjacent deck slabs along the length of the bridge. The location of proposed road is right angle to the direction of flow. | K12: spans | L12: m
A13: There shall be 12 Nos. of spans. The centre to centre distance for the spans shall be 10.8 M . | K13: 12 | L13: 10.8
A14: Standard RCC Solid Slab Superstructure with right effective span 10 M Without footpath shall be provided in accordance to the Ministry of Surface Transport (Roads Wing), New Delhi drawings.. | K14: c/c | L14: 10 | M14: Without | N14: FOOTPATH
A15: It is proposed to construct 8400 mm wide slabs of these standard drawings. As per requirement of use in the proposed bridge the deviation with respect to these drawings shall be as follows: -
A16: 1. Pier Cap Width 1200 mm.
A17: 2. Footpath & Railing: - There shall be RCC Guard Posts on both sides. | K17: Railing | L17: Guard Posts | N17: Guard Posts
A18: 3. Reinforcement Detailing: - The reinforcement detailing is suitably modified as required for the modifications referred above in points 1 to 2.
A19: [In the reference drawing the pier cap width is 800 mm]. The width of piers shall be1200 mm. Due to this change the Centre-to-Centre distance shall be 10800 mm (centre to centre over piers). For all spans the clear span shall be 9600 mm. | K19: pier | L19: 1200 | M19: 9600 | N19: 10800
A20: The length of reinforcement shall be modified as per these geometrical requirements however spacing of the reinforcement shall not be altered.
A22: The proposed decking arrangement is shown in Drawing " D-01 " titled as Decking arrangement.
A23: Design Loads
A24: The following loads have been considered in the design of deck slab and for the stability of the sub structure: -
B25: [A] Maximum of the following cases
B26: I. One lane of IRC class 70R on carriage way
B27: II. One lanes of IRC Class A on carriage way
B28: III. Two lanes of IRC Class A on carriage way
B29: IV. Three lanes of IRC Class A on carriage way
B30: V. One lane of IRC class 70R and one lane of IRC Class A on carriage way
B31: VI. One lane of IRC class AA TRACKED VEHICLE on carriage way
B33: In order to account for two adjacent slabs, the resultant reactions and moments have been multiplied by 2 for stability check of the sub structure.
A34: [B] Other Loads
B35: a) Footpath load of 5KN/Sqm.
B36: b) Wearing coat land of 2 KN/Sqm.
A38: Safe Bearing Capacity
B39: The detailed sub soil investigation report for a bridge constructed in the vicinity of the bridge is enclosed.
B40: The foundation rock is safe against the eroding effects of the water flow and other climatic conditions.
B41: As per detailed Subsoil Investigation the lowest safe bearing capacity for rectangular footing at depth 3 M and downwards is 200 kN/ Sq. M; Hence the Safe Bearing Capacity adopted for design is 200 kN/ Sq. M. | L41: 3 | M41: 200
A42: Scour Depth
B43: The maximum scour depth computed is 6.31 M. As per Clause No. 703-2-3-1 of IRC 78-1983 considering Scour at the pier two times of calculated scour depth below the highest flood level. | L43: 6.31
A44: Depth of Foundation/Founding Level
B45: For all the footings no hard rock is available; hence the foundation shall be laid at indicated levels for each footing. The founding level is above the maximum scour depth level; Hence necessary bed protection shall be constructed. | K45: Hard Rock | L45: no
A46: Reinforcement Detail & other Detail of Deck slab
B47: Ministry of surface transport details drawings are enclosed
B48: The right effective span of the proposed bridge is 9.60 m. The length along the centre line of road between pier centres is 10.80 m.
B49: The deck slab pertaining to 10 m. right effective span shall be provided as given in MOST drawings Publication "RCC SOLID SLAB SUPERSTRUCTURE 30 DEGREES SKEW RIGHT EFFECTIVE SPAN 10 M WITHOUT FOOTPATH" No. SD/151, SD/152, SD/153, SD/156, SD/157, SD/158, SD/159, SD/160 AND SD/176.
B50: In the drawing the clear right span is 9600 mm. The proposed bridge shall have clear right span as 9600 mm conforming to the standard drawing adopted.
A51: Bearing detail
B52: Tar paper bearing shall be providing on top of pier cap & abutment cap.
A53: Approach slab
B54: The approcach slab shall be 300 mm thick RCC Slab laid over PCC bed. The detail of approach slab is enclosed as drawing D-03.
A55: Pier Cap Detail
B56: Pier cap drawing is enclosed as annexure D-05.

Sheet INSERT C1-ABUT
A1: BRIDGE DESIGN
A3: ABUTMENT DESIGN

Sheet C1-AbutMENT Drawing
A1: DESIGN OF SUBMERSIBLE SKEW BRIDGE ACROSS BEDACH RIVER
A2: Deck Level | G2: 442.63 | H2: M
A3: Foundation Level | G3: 438.126 | H3: M | L3: M Higher than Pier footing Level
A4: Thickness of Deck Slab | G4: 750 | H4: mm
A5: Thickness of Approach Slab | G5: 300 | H5: mm
A6: Height below Approach Slab | G6: 4204 | H6: mm | U6: VARIANTS
A7: Length of Heel projection | G7: 2700 | H7: mm | J7: Offset | K7: 1000 | L7: mm | S7: 163.56 | T7: kN/m2 | V7: 0
A8: Length of Toe projection | G8: 1350 | H8: mm | J8: Offset | K8: 1000 | L8: mm | S8: 28.2 | T8: kN/m2 | V8: 0
A9: Width of Stem | G9: 1050 | H9: mm
A10: Thickness of Abutment Cap | G10: 1200 | H10: mm
A11: Thickness of Dirt Wall | G11: 300 | H11: mm
A12: Depth of Footing | G12: 1000 | H12: mm
M13: 300
X14: RL | Y14: 442.63 | Z14: M
A15: 300 | F15: APPROACH SLAB
K17: 450 | M17: DIRT WALL | Q17: DECK SLAB | W17: 750
Y19: 441.88
J20: 1200 | N20: PIER CAP
B21: 4204
K23: 1554 | U23: 4.404
C28: 1000 | F28: HEEL | S28: TOE | U28: 1000
W29: 1000
X31: RL | Y31: 438.126 | Z31: M
G32: 2700 | O32: 1050 | S32: 1350
M33: 5100
C35: TYPICAL SECTION OF THE ABUTMENT TYPABUT-01

Sheet C1-STABILITY CHECK ABUTMENT
A1: Design of ABUTMENT
A2: DESIGN OF SUBMERSIBLE SKEW BRIDGE ACROSS BEDACH RIVER
A3: (a) Data | B3: Preliminary dimensions | C3: : Assumed as in Fig. TYPABUT-01
B4: Superstructure | C4: : RCC Slab Bridge | D4: Total Width of Slab = | F4: 12 | G4: M
C5: overall length = 12.80 m
B6: Type of abutment | C6: : Reinforced concrete
B7: Loading | C7: : As for National Highway
B8: Back fill | C8: : Gravel with angle of repose Φ = | F8: 35 | G8: o
C9: Unit weight of back fill, w = | E9: 18 | F9: kN/m3
C10: Angle of internal friction of soil on wall, z = | F10: 17.5 | G10: o
B11: Approach slab | C11: : R.C. slab 300 mm thick, adequately reinforced
B12: Load from superstructure per running foot of abutment wall:
B13: Dead load | C13: = | D13: 90.170683 | E13: kN/m
B14: Live load | C14: = | D14: 65.688862 | E14: kN/m
B15: (Refer Stability Analysis for sub structure. The above two values are obtained from the calculations for superstructure, and are taken to act over a width of 15 m).
B16: Bearing : Tar Paper Bearings
A17: (C) Self weight of abutment
B18: Treating the section as composed of 6 elements as shown in Fig. 1the weight of each element and moment about the point O on the front toe are computed as in Table 1
A19: (d) Longitudinal forces
A20: (i) | B20: Force due to braking
B21: Force due to 70 R wheeled vehicle = | C21: 0.2 | D21: x | E21: 1000 | F21: = | G21: 200 | H21: kN
B22: This force acts at 1.2 m above the road level(Clause 214.3).
B23: Force on one abutment wall = | C23: 200 | D23: / | E23: 2 | F23: = | G23: 100 | H23: kN
B24: Horizontal force per m of wall = | C24: 100 | D24: / | E24: 12 | F24: = | G24: 8.34 | H24: kN/ m
A25: (ii) | B25: Force due to temperature variation and shrinkage
B26: Assuming moderate climate, variation in temperature is taken as + | D26: 17 | E26: oC as per
B27: Clause 218.5 of Bridge Code.
B28: Coefficient of Thermal expansion = | C28: 1.17e-05 | D28: /oC
B29: Strain due to temperature variation = | C29: 17 | D29: x | E29: 1.17e-05 | F29: = | G29: 0.0001989
B30: From Clause 220.3, strain due to concrete shrinkage = | C30: 0.0002
B31: Total strain due to temperature and shrinkage = | C31: 0.0001989 | D31: + | E31: 0.0002 | F31: = | G31: 0.0003989
B32: Horizontal deformation of deck due to temperature and shrinkage affecting one abutment = | C32: 0.0003989 | D32: x | E32: 11200 | F32: /2 = | G32: 2.23384 | H32: mm
B33: Modulus of Elasticity Ec = | C33: 5000x fck1/2 | D33: = | E33: 31220.19 | F33: N/mm2
B34: Horizontal Stress due to strain in longitudinal direction at bearing level = | C34: 0.0003989 | D34: x | E34: 31220.19 | F34: = | G34: 12.453734 | H34: N/mm2
B35: Horizontal Force due to strain in longitudinal direction at bearing level (For 1 m width of Slab) = | C35: 12.453734 | D35: x | E35: 850 | F35: = | G35: 10585.674 | H35: N/m
F36: = | G36: 10.585674 | H36: kN/m
A37: (iii) | B37: Vertical reaction due to braking
B38: 200(1.2 + 0.975)
B39: Vertical reaction at one abutment = ---------------------- | D39: = | E39: 2.6126126 | F39: kN/m
B40: 11.10x15
A41: (d)Earth pressure
B42: Active earth pressure P = 0.5 wh2 Ka
B43: where Ka is obtained from Equation (3.5)
B44: Ka = secΘ sin(Θ-Φ)/[(sin(Θ+z)1/2 +{sin(Φ+z) sin(Φ-δ)/sin(Θ-δ)}1/2]
B45: Where P= Total active pressure, acting at a height of 0.42 h inclined at z to the normal to the wall on the earth side
B46: w = unit weight of earth fill
B47: h = height of wall
B48: Θ = Angle subtended by the earthside wall with thw horizontal on the earth side
B49: Φ = Angle of internal friction of the earthfill
B50: z = angle of friction of the earthside wall with the earth
B51: δ = Inclination of earthfill surface with the horizontal
B52: Θ = | C52: 90 | D52: 0 | F52: Φ = | G52: 35 | H52: 0
B53: z = | C53: 17.5 | D53: 0 | F53: δ = | G53: 0 | H53: 0
B54: Substituting values in Equation (3.5), we get Ka = | C54: 0.496 | D54: Coefficient
B55: Height of backfill below approach slab = | C55: 4.204 | D55: m
B56: Active earth pressure =
B57: 0.5 | C57: x | D57: 18 | E57: x | F57: 4.204 | G57: 2 x | H57: 0.496
B58: = | C58: 78.9 | D58: kN/m
B59: Height above base of centre of pressure = | C59: 0.42 | D59: x | E59: 4.204 | F59: = | G59: 1.77 | H59: m
B60: Passive pressure in front of toe slab is neglected.
A61: (e) Live load surcharge and approach slab
B62: Equivalent height of earth for live load surcharge as per clause 714.4 is 1.20 m
B63: Horizontal force due to L.L. surcharge =1.2 x 18 x 0.496 x 9.20 = | E63: 45.04 | F63: kN/m
B64: Horizontal force due to approach slab = 0.3 x 24 x 0.496 x 9.20 = | E64: 15.02 | F64: kN/m
D65: Total | E65: 60.06 | F65: kN/m
B66: The above two forces act at | C66: 2.102 | D66: m above the base.
B67: Vertical load due to L.L. surcharge and approach slab
B68: = (1.2 x 18 + 0.3 x 24 ) x 2.7 = | C68: 77.76 | D68: kN/m
A69: (f) Weight of earth on heel slab
B70: Vertical load = | C70: 18 x2.7x (4.20400000000002 - 1) | D70: = | E70: 57.68 | F70: kN/m
A71: (g) Check for stability - overturning
B72: The forces and their position are as shown in Fig. 1
B73: The forces and moments about the point O at toe on the base are tabulated as in
B74: Table 1 Two cases of lading condition are examined (i) Span loaded condition and (ii) Span unloaded condition.
B75: Case (i) Span loaded condition
B76: See Row 15 of Table 12.3
B77: Overturning moment about toe = | C77: 337.061 | D77: kN-m
B78: Restoring moment about toe = | C78: 1288.387 | D78: kN-m
B79: Factor of safety against overturning = | C79: 1288.387 | D79: / | E79: 337.061 | F79: = | G79: 3.82
B80: Location of Resultant from O | G80: > 1.5 Hence Safe
B81: X0 = ( MV - MH) / V= ( 1740.9 - 623.1) / 691.4 = 1.62 m
C82: =(1288.387 - 337.061 ) / 488.963 ) = | E82: 1.95 | F82: m
A83: Eccentricity of resultant
B84: emax = B/6 = | C84: 5.1 | D84: /6 = | E84: 0.85 | F84: m
B85: e = (B/2 -X0) = 0.78 m < 0.80 m | C85: 2.55 | D85: - | E85: 1.95 | F85: = | G85: 0.6 | H85: m
F86: < | G86: 0.85 | H86: m
B87: Case (ii) Span unloaded condition
B88: See Row 11 of Table 12.3
B89: Overturning moment about toe = | C89: 305.702 | D89: kN-m
B90: Restoring moment about toe = | C90: 1170.553 | D90: kN-m
B91: Factor of safety against overturning = | C91: 1170.553 | D91: / | E91: 305.702 | F91: = | G91: 3.83
B92: Location of Resultant from O | G92: > 1.5 Hence Safe
B93: X0 = ( MV - MH) / V=
C94: =(1170.553 - 305.702 ) / 420.661 ) = | E94: 2.06 | F94: m
A95: (h)Check for stresses at base
B96: For Span loaded condition
B97: Total downward forces = | C97: 488.963 | D97: kN
D98: 488.963 | E98: 6 x 0.78
A99: Extreme stresses at base =
B100: Maximum Stress = | C100: 488.963/(5.1x1)(1 +(6x0.6/5.1)) | E100: = | F100: 163.56 | G100: kN/m2
...

Sheet C1-ABUTMENT FOOTING DESIGN
A1: DESIGN OF ABUTMENT FOOTING
A2: DESIGN OF SUBMERSIBLE SKEW BRIDGE ACROSS BEDACH RIVER
A3: REDISTRIBUTION OF PRESSURE
A4: FOR WIND AT SERVICE CONDITION
B5: Length of footing | C5: lf | D5: 14 | E5: m
B6: Width of Footing | C6: lb | D6: 5.1 | E6: m
B7: Width of Abutment just above footing | D7: 3.1 | E7: m
B8: Vertical Load | C8: P | D8: 488.963 | E8: kN
B9: Longitudinal Moment | C9: Me | D9: 951.326 | E9: kN-m
B10: Transverse Moment | C10: Mb | D10: 0 | E10: kN-m
B11: el | C11: = Me/P | D11: 1.9455992 | E11: m
B12: eb | C12: = Mb/P | D12: 0 | E12: m
B13: el/lf | D13: 0.13897137 | E13: Refer VK Raina "Concrete Bridge Practice : Analysis, Design and Economics " Chapter 14 "Evaluation of Base Presssure and Contact Area" Fig 14.2 & 14.3
B14: eb/lb | D14: 0
B15: K | D15: 1
B16: y | D16: 0
B17: Area in Tension = y x lb | E17: 0 | F17: m2 | G17: 0 | H17: %
B18: Maximum Pressure before Redistribution | E18: 163.56 | F18: kN/m2
B19: Maximum Pressure After Redistribution = pxK | E19: 163.56 | F19: kN/m2
B20: Maximum Stress at Edge of Pier | E20: 163.56 | F20: kN/m2
B21: Distance From Face of Pier to the Edge | E21: 1 | F21: m
B22: Stress at the Edge of Pier | E22: 131.48941 | F22: kN/m2
B23: Average Stress on Cantilevered Area | E23: 147.52471 | F23: kN/m2
B24: Area of the Cantilever Portion | E24: 1 | F24: m2
B25: Distance of Centroid of the Stress in Cantilever Portion | E25: 0.51811594 | F25: m
B26: Moment about the Face of Pier | E26: 76.434902 | F26: kN-m
B27: CONCRETE GRADE | E27: M-25
B28: FOR THIS GRADE scbc | E28: 10 | F28: N/mm2
B29: m | E29: 9.3333333
B30: sst | E30: 200
B31: factor k | E31: 0.31818182
B32: j | E32: 0.89393939
B33: R | E33: 1.4221763
B34: Effective Depth Required | E34: 231.82973 | F34: mm
B35: Adopt Total Depth | E35: 1000 | F35: mm
B36: Cover | E36: 50 | F36: mm
B37: Assume Bar Dia | E37: 16 | F37: mm
B38: Keeping A Cover Of 50 mm Effective Depth | E38: 942 | F38: mm
B39: Adopt Effective Depth | E39: 942 | F39: mm
B40: Steel Required Ast | E40: 453.83997 | F40: mm2
B41: Area Of One Bar | E41: 200.96 | F41: mm2
B42: Spacing S | E42: 442.79926 | F42: mm
B43: Provide Bars Of Dia And Spacing | C43: 16 | D43: mm | E43: 150 | F43: mm | G43: Adopt spacing as 150 mm
B44: Area Of Distribution Steel | E44: 1884 | F44: mm2
B45: Dia Of Bar For Distribution Steel | E45: 20 | F45: mm
B46: Area Of One Bar In Distribution Reinforcement | E46: 314 | F46: mm2
B47: Using The Bars Spacing Required | E47: 166.66667 | F47: mm
B48: Provide Bars Of Dia And Spacing | C48: 16 | D48: mm | E48: 160 | F48: mm | G48: Adopt spacing as 150 mm
B50: Provide Bars Of Dia And Spacing for Top Main Steel | C50: 12 | D50: mm | E50: 150 | F50: mm
B51: Provide Bars Of Dia And Spacing for Top Distribution Steel | C51: 12 | D51: mm | E51: 150 | F51: mm
A52: CHECK FOR SHEAR | C52: (As per IRC 21-1987 Cl. 304.7)
B53: Critical Section is at a distance equal to effective depth from pier face | E53: 942 | F53: mm
B54: Section of Shear from end of pier | E54: 0.058 | F54: m
B55: Maximum Stress at Edge of Pier | E55: 163.56 | F55: kN/m2
B56: Stress at the Section for Shear Check | E56: 131.48941 | F56: kN/m2
B57: Average Stress on Cantilevered Area | E57: 147.52471 | F57: kN/m2
B58: Shear Force | E58: 8.5564329 | F58: kN
B59: V=V' + M/d tanB | C59: (B=0) Hence V =V'
B60: Actual Shear Stress | E60: 0.0090832621 | F60: N/mm2
B61: Percentage Steel | C61: 100As/bd | E61: 0.14222222
B62: Tc | E62: 0.23 | F62: N/mm2
B63: k=1
B64: Permissble Shear Stress = k Tc | E64: 0.23 | F64: N/mm2
D65: < Actual Shear Stress hence Shear Reinforcement should be provided
B66: Dia Of two Legged Stirrups | E66: 16 | F66: mm
B67: Area Of One Bar In Distribution Reinforcement | E67: 200.96 | F67: mm2
B68: Using The Bars Spacing Required s= Asw ts d/V | E68: 8849.684 | F68: mm
B69: Provide Bars Of Dia And Spacing | C69: 16 | D69: mm | E69: 150 | F69: mm | G69: Adopt spacing as 150 mm

Sheet C1-Abut Footing STRESS DIAGRAM
E1: =D18-1 -> 4.1 | F1: m
B8: 1 | C8: m | F8: 1 | G8: m
D18: 5.1 | E18: m
B21: 258.56357 | C21: m
E25: 131.48941
E26: kN/m2 | G26: 163.56 | H26: kN/m2
D29: STRESS DIAGRAM
A31: DESIGN OF ABUTMENT FOOTING

Sheet CAN-RETURN FOOTING DESIGN
A1: DESIGN OF RETURN WALL FOOTING
A2: HIGH LEVEL BRIDGE - ACROSS SIRVAL RIVER
A3: REDISTRIBUTION OF PRESSURE
A4: FOR WIND AT SERVICE CONDITION
B5: BOTTOM WIDTH OF RETURN WALL | D5: 0.9 | E5: m
B6: Length of footing | C6: lf | D6: 1 | E6: m
B7: Width of Footing | C7: lb | D7: 3.2 | E7: m
B8: Width of Abutment just above footing | D8: 1.05 | E8: m
B9: Vertical Load | C9: P | D9: 606.677 | E9: kN
B10: Longitudinal Moment | C10: Me | D10: 1311.649 | E10: kN-m
B11: Transverse Moment | C11: Mb | D11: 0 | E11: kN-m
B12: el | C12: = Me/P | D12: 2.162022 | E12: m
B13: eb | C13: = Mb/P | D13: 0 | E13: m
B14: el/lf | D14: 2.162022 | E14: Refer VK Raina "Concrete Bridge Practice : Analysis, Design and Economics " Chapter 14 "Evaluation of Base Presssure and Contact Area" Fig 14.2 & 14.3
B15: eb/lb | D15: 0
B16: K | D16: 1
B17: y | D17: 0
B18: Area in Tension = y x lb | E18: 0 | F18: m2 | G18: 0 | H18: %
B19: Maximum Pressure before Redistribution | E19: 189.58656 | F19: kN/m2
C20: 200 | D20: kN/m2 permissible HENCE OK.
B21: Maximum Pressure After Redistribution = pxK | E21: 189.58656 | F21: kN/m2
B22: Maximum Stress at Edge of Pier | E22: 189.58656 | F22: kN/m2
B23: Distance From Face of Pier to the Edge | E23: 0 | F23: m
B24: Stress at the Edge of Pier | E24: 189.58656 | F24: kN/m2
B25: Average Stress on Cantilevered Area | E25: 189.58656 | F25: kN/m2
B26: Area of the Cantilever Portion | E26: 0 | F26: m2
B27: Distance of Centroid of the Stress in Cantilever Portion | E27: 0 | F27: m
B28: Moment about the Face of Return | E28: 0 | F28: kN-m
B29: CONCRETE GRADE | E29: M-25
B30: FOR THIS GRADE scbc | E30: 10 | F30: N/mm2
B31: m | E31: 9.3333333
B32: sst | E32: 200
B33: factor k | E33: 0.31818182
B34: j | E34: 0.89393939
B35: R | E35: 1.4221763
B36: Effective Depth Required | E36: 0 | F36: mm
B37: Adopt Total Depth | E37: 500 | F37: mm
B38: Cover | E38: 50 | F38: mm
B39: Assume Bar Dia | E39: 16 | F39: mm
B40: Keeping A Cover Of 50 mm Effective Depth | E40: 442 | F40: mm
B41: Adopt Effective Depth | E41: 442 | F41: mm
B42: Steel Required Ast | E42: 0 | F42: mm2
B43: Area Of One Bar | E43: 200.96 | F43: mm2
B44: Spacing S | E44: #DIV/0! | F44: mm
B45: Provide Bars Of Dia And Spacing | C45: 16 | D45: mm | E45: 150 | F45: mm | G45: Adopt spacing as 150 mm
B46: Area Of Distribution Steel | E46: 884 | F46: mm2
B47: Dia Of Bar For Distribution Steel | E47: 16 | F47: mm
B48: Area Of One Bar In Distribution Reinforcement | E48: 200.96 | F48: mm2
B49: Using The Bars Spacing Required | E49: 227.33032 | F49: mm
B50: Provide Bars Of Dia And Spacing | C50: 16 | D50: mm | E50: 220 | F50: mm | G50: Adopt spacing as 2000 mm
B52: Provide Bars Of Dia And Spacing for Top Main Steel | C52: 12 | D52: mm | E52: 150 | F52: mm
B53: Provide Bars Of Dia And Spacing for Top Distribution Steel | C53: 12 | D53: mm | E53: 150 | F53: mm
A54: CHECK FOR SHEAR | C54: (As per IRC 21-1987 Cl. 304.7)
B55: Critical Section is at a distance equal to effective depth from pier face | E55: 442 | F55: mm
B56: Section of Shear from end of pier | E56: -0.442 | F56: m
B57: Maximum Stress at Edge of Pier | E57: 189.58656 | F57: kN/m2
B58: Stress at the Section for Shear Check | E58: 189.58656 | F58: kN/m2
B59: Average Stress on Cantilevered Area | E59: 189.58656 | F59: kN/m2
B60: Shear Force | E60: -83.797261 | F60: kN
B61: V=V' + M/d tanB | C61: (B=0) Hence V =V'
B62: Actual Shear Stress | E62: -0.18958656 | F62: N/mm2
B63: Percentage Steel | C63: 100As/bd | E63: 0.30310709
B64: Tc | E64: 0.23 | F64: N/mm2
B65: k=1
B66: Permissble Shear Stress = k Tc | E66: 0.23 | F66: N/mm2
D67: < Actual Shear Stress hence Shear Reinforcement should be provided
B68: Dia Of two Legged Stirrups | E68: 12 | F68: mm
B69: Area Of One Bar In Distribution Reinforcement | E69: 113.04 | F69: mm2
B70: Using The Bars Spacing Required s= Asw ts d/V | E70: -238.49792 | F70: mm
B71: Provide Bars Of Dia And Spacing | C71: 12 | D71: mm | E71: 250 | F71: mm | G71: Adopt spacing as 250 mm
C73: WIDTH OF RETURN WALL | E73: 900 | F73: MM
C74: Footing size | D74: 3.2 | E74: x | F74: 0.5 | G74: M

Sheet STEEL IN CANT-ABUTMENT
A1: REINFORCEMENT CALCULATION IN CANTILEVER ABUTMENT
A2: FOR SERVICE CONDITION
B3: VERTICAL LOADS
B4: (Span loaded condition) | C4: = | D4: 606.677 | E4: kN
B5: LONGITUDINAL MOMENT
B6: Moment @ R. L. | C6: #REF! | D6: M = | E6: 1311.649 | F6: kN-m
B7: LONGITUDINAL MOMENT Due To Braking Force | C7: = | D7: 423.33568 | E7: + | F7: 244.25332 | G7: = | H7: 667.589 | I7: kN-m
B8: TRANSVERSE MOMENT due to Braking Force and water current | C8: = | D8: 423.33568 | E8: + | F8: 1123.9406 | G8: = | H8: 1547.2763 | I8: kN-m
F9: One Slab only
B11: TOTAL TRANSVERSE MOMENT | C11: = | D11: 1547.2763 | G11: = | H11: 1547.2763 | I11: kN-m
B12: TOTAL LONGITUDINAL MOMENT | C12: = | D12: 1311.649 | E12: + | F12: 667.589 | G12: = | H12: 1979.238 | I12: kN-m
B13: CONCRETE MIX | D13: M-25
B14: CHARACTERISTIC STRENGTH OF REINFORCEMENT | F14: 415 | G14: N/mm2
B15: PERMISSIBLE STRESSES
B16: IN STEEL | D16: 190
B17: IN CONCRETE
B18: CHARACTERISTIC STRENGTH OF Concrete | D18: fck | E18: = | F18: 30 | G18: N/mm2
B19: Permissible Compressive Stress in Bending | D19: σcbc | E19: = | F19: 8 | G19: N/mm2
B20: Permissible Compressive Stress in Direct Compression | D20: σcc | E20: = | F20: 8 | G20: N/mm2
D21: σct | E21: = | F21: 3.6 | G21: N/mm2
B22: Ultimate Axial Load PU | C22: = | D22: 1.5 | E22: X | F22: 606.677 | G22: = | H22: 910.0155 | I22: kN
B23: Ultimate Longitudinal Moment MU | C23: = | D23: 1.5 | E23: X | F23: 1979.238 | G23: = | H23: 2968.857 | I23: kN-m
B24: Ultimate Transverse Moment MU | C24: = | D24: 1.5 | E24: X | F24: 1547.2763 | G24: = | H24: 2320.9144 | I24: kN-m
B25: INCREASE WHEN WIND CONDITION IS CONSIDERED | F25: 33.33 | G25: %
B26: Neglecting area of Cut and Ease water parts Rectangular Section considered is
C27: 1000 | D27: mm x | E27: 1050 | F27: mm
C28: Assume cover as | D28: 75
B29: d1/d | C29: = | D29: 83 | E29: / | F29: 1050 | G29: = | H29: 0.079047619
B30: PU/(fck b d) | C30: = | D30: 910.0155 | E30: x | F30: 1000 | G30: / ( | H30: 30 | I30: x | J30: 1000 | K30: x | L30: 1050 | M30: )
C31: = | D31: 0.028889381
B32: FOR LONGITUDINAL MOMENT
B33: Mu/(fck b d2) | C33: = | D33: 2968.857 | E33: x | F33: 1000000 | G33: / ( | H33: 30 | I33: x | J33: 1000 | K33: x | L33: 1050 | M33: 2 )
C34: = | D34: 0.08976136
B35: Refer Chart 31 & 32 of Design Aids for Reinforced concrete SP-16 the point lies below the range of applicability. Hence provide minimum percentage of steel.
B36: The point lies below the range of applicability. Hence provide minimum percentage of steel
B37: CRITERIA 1 FOR MINIMUM STEEL Pt = 0.8 % OF CROSS SECTION AREA OF COLUMN REQUIRED FOR COMPRESSION
B39: Area Required due to Compression = | D39: 910.0155 | E39: x | F39: 1000 | G39: / | H39: 8
C40: = | D40: 113751.94 | E40: mm2
B41: Area of steel @ 0.8% = | C41: 0.8 | D41: x | E41: 113751.94 | F41: / | G41: 100
C42: = | D42: 910.0155 | E42: mm2
B44: CRITERIA 2 FOR MINIMUM STEEL Pt = 0.3 % OF GROSS SECTION AREA OF COLUMN
B45: Area of steel @ 0.3% = | C45: 0.3 | D45: x | E45: 1000 | F45: x | G45: 1050 | H45: / | I45: 100
C46: = | D46: 3150 | E46: mm2
B47: PROVIDE STEEL AREA | C47: = | D47: 3150 | E47: mm2
B48: NO. OF | C48: 16 | D48: MM BARS | E48: = | F48: 15.674761 | G48: Nos.
B49: SPACING | C49: = | D49: 260 | E49: MM
B50: FOR TRANSVERSE MOMENT
B52: Mu/(fck b d2) | C52: = | D52: 2320.9144 | E52: x | F52: 1000000 | G52: / ( | H52: 30 | I52: x
E53: 1000 | F53: x | G53: 1050 | H53: 2 )
C54: = | D54: 0.07017126
B55: Refer Chart 31 & 32 of Design Aids for Reinforced concrete SP-16 the point lies below the range of applicability. Hence provide minimum percentage of steel.
B56: TRANSVERSE REINFORCEMENT
B57: Shear Force to be resisted by the pier In Accordance to IS 1893
C58: 2320.9144 | D58: / | E58: 4.498 | F58: = | G58: 515.98809 | H58: kN
A59: Check for Shear
B60: Nominal Shear Stress = | C60: 515.98809 | D60: x | E60: 1000 | F60: / ( | G60: 1000 | H60: x | I60: 1050 | J60: )
C61: = | D61: 0.49141723 | E61: N/mm2
B62: Pt | C62: 0.3
B63: Permissible Shear Stress = | C63: 0.4 | D63: N/mm2 | E63: Refer table 61
B64: Nominal Shear Reinforcement will suffice
B65: According to IRC 21-1987 Clause 306.3
B66: Dia of Transverse Reinforcement | C66: = | D66: 16 | E66: / | F66: 4 | G66: = | H66: 4 | I66: mm
B67: Provide | C67: 12 | D67: mm dia rings
B68: Pitch of the Transverse should be least of
B69: a) Least lateral Dimension = | C69: 1050 | D69: mm
B70: b) 12 d = | C70: 12 | D70: x | E70: 12 | F70: = | G70: 144 | H70: mm
B71: c) 300 mm = | C71: 300 | D71: mm
B72: d) As per IS IS 13920:1993 Cl. 7.4.6 | C72: < or = | D72: 100 | E72: mm
B73: Provide | C73: 12 | D73: mm dia rings @ | F73: 100 | G73: mm c/c.
B74: This spacing is in accordance to IS 13920:1993 Cl. 7.4.6
B75: CODE OF PRACTICE FOR DUCTILE DETAILING OF REINFORCED CONCRETE STRUCTURES SUBJECTED TO SEISMIC FORCES
B76: Check for Size of Hoop Reinforcement | D76: Refer IS 13920:1993 Cl. 7.4.8
C77: Ash= 0.18 Sh (Fck/Fy)x(Ag/Ak-1)
B78: S | C78: = | D78: 100 | E78: mm
B79: h | C79: = | D79: 300 | E79: N/mm2 | F79: (Spacing of long. bars+ effective cover) or 300 mm whichever is less
B80: Fck | C80: = | D80: 30 | E80: N/mm2 | H80: Cover 75 mm to main reinforcement
B81: Fy | C81: = | D81: 415 | E81: N/mm2
B82: Ag | C82: = | D82: 1050 | E82: mm2 | F82: Considering 1 mm Wide Pier
B83: Ak | C83: = | D83: 940 | E83: mm2 | F83: Considering 1 mm Wide Pier Effective
B84: Hence Ash | C84: = | D84: 45.680595 | E84: mm2
B85: Ash ProvideD | C85: = | D85: 113.04 | E85: mm2 | F85: Which is OK
B86: d) As per IS IS 13920:1993 Cl. 7.4.6 | C86: < or = | D86: 100 | E86: mm
B87: Provide | C87: 12 | D87: mm dia rings @ | F87: 100 | G87: mm c/c.
B88: This spacing is in accordance to IS 13920:1993 Cl. 7.4.6
B89: CODE OF PRACTICE FORDUCTILE DETAILING OF REINFORCED CONCRETE STRUCTURES SUBJECTED TO SEISMIC FORCES
B90: ABSTRACT
B91: LONGITUDINAL REINFORCEMENT | C91: 16 | D91: MM BARS | E91: 260 | F91: MM | H91: However Adopt spacing as 250 mm
B92: TRANSVERSE REINFORCEMENT | C92: 12mm dia rings @100mm c/c.

Sheet STEEL IN CANT-RETURNS
A1: REINFORCEMENT CALCULATION IN CANTILEVER RETURNS
B2: PROPOSED BOTOM WIDTH | C2: 1000 | D2: MM
A3: FOR SERVICE CONDITION
B4: VERTICAL LOADS
B5: (Span loaded condition) | C5: = | D5: 606.677 | E5: kN
B6: LONGITUDINAL MOMENT
B7: Moment | E7: 1311.649 | F7: kN-m
F8: One Slab only
B10: TOTAL LONGITUDINAL MOMENT | C10: = | D10: 1311.649 | E10: + | F10: 0 | G10: = | H10: 1311.649 | I10: kN-m
B11: CONCRETE MIX | D11: M-25
B12: CHARACTERISTIC STRENGTH OF REINFORCEMENT | F12: 415 | G12: N/mm2
B13: PERMISSIBLE STRESSES
B14: IN STEEL | D14: 190
B15: IN CONCRETE
B16: CHARACTERISTIC STRENGTH OF Concrete | D16: fck | E16: = | F16: 30 | G16: N/mm2
B17: Permissible Compressive Stress in Bending | D17: σcbc | E17: = | F17: 8 | G17: N/mm2
B18: Permissible Compressive Stress in Direct Compression | D18: σcc | E18: = | F18: 8 | G18: N/mm2
D19: σct | E19: = | F19: 3.6 | G19: N/mm2
B20: Ultimate Axial Load PU | C20: = | D20: 1.5 | E20: X | F20: 606.677 | G20: = | H20: 910.0155 | I20: kN
B21: Ultimate Longitudinal Moment MU | C21: = | D21: 1.5 | E21: X | F21: 1311.649 | G21: = | H21: 1967.4735 | I21: kN-m
B22: INCREASE WHEN WIND CONDITION IS CONSIDERED | F22: 33.33 | G22: %
B23: Neglecting area of Cut and Ease water parts Rectangular Section considered is
C24: 1000 | D24: mm x | E24: 1000 | F24: mm
C25: Assume cover as | D25: 75
B26: d1/d | C26: = | D26: 81 | E26: / | F26: 1000 | G26: = | H26: 0.081
B27: PU/(fck b d) | C27: = | D27: 910.0155 | E27: x | F27: 1000 | G27: / ( | H27: 30 | I27: x | J27: 1000 | K27: x | L27: 1000 | M27: )
C28: = | D28: 0.03033385
B29: FOR LONGITUDINAL MOMENT
B30: Mu/(fck b d2) | C30: = | D30: 1967.4735 | E30: x | F30: 1000000 | G30: / ( | H30: 30 | I30: x | J30: 1000 | K30: x | L30: 1000 | M30: 2 )
C31: = | D31: 0.06558245
B32: Refer Chart 31 & 32 of Design Aids for Reinforced concrete SP-16 the point lies below the range of applicability. Hence provide minimum percentage of steel.
B33: The point lies below the range of applicability. Hence provide minimum percentage of steel
B34: CRITERIA 1 FOR MINIMUM STEEL Pt = 0.8 % OF CROSS SECTION AREA OF COLUMN REQUIRED FOR COMPRESSION
B36: Area Required due to Compression = | D36: 910.0155 | E36: x | F36: 1000 | G36: / | H36: 8
C37: = | D37: 113751.94 | E37: mm2
B38: Area of steel @ 0.8% = | C38: 0.8 | D38: x | E38: 113751.94 | F38: / | G38: 100
C39: = | D39: 910.0155 | E39: mm2
B41: CRITERIA 2 FOR MINIMUM STEEL Pt = 0.3 % OF GROSS SECTION AREA OF COLUMN
B42: Area of steel @ 0.3% = | C42: 0.3 | D42: x | E42: 1000 | F42: x | G42: 1000 | H42: / | I42: 100
C43: = | D43: 3000 | E43: mm2
B44: PROVIDE STEEL AREA | C44: = | D44: 3000 | E44: mm2
B45: NO. OF | C45: 12 | D45: MM BARS | E45: = | F45: 26.539278 | G45: Nos.
B46: SPACING | C46: = | D46: 150 | E46: MM
B47: FOR TRANSVERSE MOMENT
B49: Mu/(fck b d2) | C49: = | D49: 1967.4735 | E49: x | F49: 1000000 | G49: / ( | H49: 30 | I49: x
E50: 1000 | F50: x | G50: 1000 | H50: 2 )
C51: = | D51: 0.06558245
B52: Refer Chart 31 & 32 of Design Aids for Reinforced concrete SP-16 the point lies below the range of applicability. Hence provide minimum percentage of steel.
B53: TRANSVERSE REINFORCEMENT
B54: Shear Force to be resisted by the pier In Accordance to IS 1893
C55: 1311.649 | D55: / | E55: 4.498 | F55: = | G55: 291.60716 | H55: kN
A56: Check for Shear
B57: Nominal Shear Stress = | C57: 291.60716 | D57: x | E57: 1000 | F57: / ( | G57: 1000 | H57: x | I57: 1000 | J57: )
C58: = | D58: 0.29160716 | E58: N/mm2
B59: Pt | C59: 0.3
B60: Permissible Shear Stress = | C60: 0.4 | D60: N/mm2 | E60: Refer table 61
B61: Nominal Shear Reinforcement will suffice
B62: According to IRC 21-1987 Clause 306.3
B63: Dia of Transverse Reinforcement | C63: = | D63: 12 | E63: / | F63: 4 | G63: = | H63: 3 | I63: mm
B64: Provide | C64: 12 | D64: mm dia rings
B65: Pitch of the Transverse should be least of
B66: a) Least lateral Dimension = | C66: 1000 | D66: mm
B67: b) 12 d = | C67: 12 | D67: x | E67: 12 | F67: = | G67: 144 | H67: mm
B68: c) 300 mm = | C68: 300 | D68: mm
B69: d) As per IS IS 13920:1993 Cl. 7.4.6 | C69: < or = | D69: 100 | E69: mm
B70: Provide | C70: 12 | D70: mm dia rings @ | F70: 100 | G70: mm c/c.
B71: This spacing is in accordance to IS 13920:1993 Cl. 7.4.6
B72: CODE OF PRACTICE FOR DUCTILE DETAILING OF REINFORCED CONCRETE STRUCTURES SUBJECTED TO SEISMIC FORCES
B73: Check for Size of Hoop Reinforcement | D73: Refer IS 13920:1993 Cl. 7.4.8
C74: Ash= 0.18 Sh (Fck/Fy)x(Ag/Ak-1)
B75: S | C75: = | D75: 100 | E75: mm
B76: h | C76: = | D76: 300 | E76: N/mm2 | F76: (Spacing of long. bars+ effective cover) or 300 mm whichever is less
B77: Fck | C77: = | D77: 30 | E77: N/mm2 | H77: Cover 75 mm to main reinforcement
B78: Fy | C78: = | D78: 415 | E78: N/mm2
B79: Ag | C79: = | D79: 1000 | E79: mm2 | F79: Considering 1 mm Wide Pier
B80: Ak | C80: = | D80: 886 | E80: mm2 | F80: Considering 1 mm Wide Pier Effective
B81: Hence Ash | C81: = | D81: 50.227093 | E81: mm2
B82: Ash ProvideD | C82: = | D82: 113.04 | E82: mm2 | F82: Which is OK
B83: d) As per IS IS 13920:1993 Cl. 7.4.6 | C83: < or = | D83: 100 | E83: mm
B84: Provide | C84: 12 | D84: mm dia rings @ | F84: 100 | G84: mm c/c.
B85: This spacing is in accordance to IS 13920:1993 Cl. 7.4.6
B86: CODE OF PRACTICE FORDUCTILE DETAILING OF REINFORCED CONCRETE STRUCTURES SUBJECTED TO SEISMIC FORCES
B87: ABSTRACT
B88: LONGITUDINAL REINFORCEMENT | C88: 12 | D88: MM BARS | E88: 150 | F88: MM | H88: However Adopt spacing as 150 mm
B89: TRANSVERSE REINFORCEMENT | C89: 12mm dia rings @100mm c/c.

Sheet C1-Abutment Cap
B1: DESIGN OF Abutment CAP HIGH LEVEL BRIDGE
A2: DESIGN OF SUBMERSIBLE SKEW BRIDGE ACROSS BEDACH RIVER
A3: DESIGN OF Abutment CAP :-
A4: D.L./ M Width along bridge
A5: DL. Of Slab = | C5: 0.975 | D5: x | E5: 15 | F5: x. | G5: 2.4 | H5: = | I5: 35.1 | J5: T
A6: D.L. of Wearing coat = | C6: 0.075 | D6: x | E6: 12 | F6: x. | G6: 2.4 | H6: = | I6: 2.16 | J6: T
G7: TOTAL | I7: 37.26 | J7: T
A8: D.L. of Slab & Wearing coat on half of the Abutment | E8: =
E9: 37.26 | F9: / | G9: 2 | H9: = | I9: 18.63 | J9: T
A10: L.L. on Abutment cap including impact along bridge
D11: = | E11: 82.5 | F11: x | G11: 1.1375 | H11: = | I11: 93.84375 | J11: T
A12: (Refer Live Load Computation)
A13: Dispersion width across the span for
A14: 70 T TRACKED VEHTCLE | D14: = | E14: 6.695 | F14: M
A15: ( Refer Solid slab design page SS-16)
A16: Live Load u.d.l. on Abutment | D16: = | E16: 93.84375 | F16: / | G16: 6.695 | H16: = | I16: 14.01699 | J16: T
B17: Per M width
A18: Total Load on Half = | D18: 18.63 | E18: + | F18: 14.01699 | H18: = | I18: 32.64699 | J18: T
A19: of Abutment along bridge | I19: Per M width
A20: Effective depth of slab =90-2.5-2.5/2 = | D20: 86.25 | E20: cm
A21: Placement of the live load at effective depth from the support ( taking support width 750 mm)
A22: Eccentricity = 71.25 -75/2 | D22: = | E22: 33.75 | F22: cm | G22: = | H22: 0.3375 | I22: M
A23: Bending Moment along the bridge = | C23: 32.64699 | D23: x | E23: 0.3375 | H23: 11.02 | I23: T - M/M width
B24: = | C24: 11.02 | D24: x | E24: 10 | F24: = | G24: 110.2 | H24: kN-M/M width
A25: This moment is too small hence it will not/be the governing B.M.
B26: Moment in Abutment cap | E26: 110.2 | F26: kN-m
B27: CONCRETE GRADE | E27: M30
B28: FOR THIS GRADE scbc | E28: 10 | F28: N/mm2
B29: m | E29: 9.3333333
B30: sst | E30: 200
B31: factor k | E31: 0.31818182
B32: j | E32: 0.89393939
B33: R | E33: 1.4221763
B34: Effective Depth Required | E34: 278.36465 | F34: mm
B35: Adopt Total Depth | E35: 1200 | F35: mm
B36: Cover | E36: 50 | F36: mm
B37: Assume Bar Dia | E37: 25 | F37: mm
B38: Keeping A Cover Of 50 mm Effective Depth | E38: 1137.5 | F38: mm
B39: Adopt Effective Depth | E39: 1137.5 | F39: mm
B40: Steel Required Ast | E40: 541.86627 | F40: mm2
B41: Area Of One Bar | E41: 490.625 | F41: mm2
B42: Spacing S | E42: 905.43558 | F42: mm
B43: Provide Bars Of Dia And Spacing | C43: 25 | D43: mm | E43: 100 | F43: mm | G43: Adopt spacing as 100 mm
B44: Provide Bars Of Dia And Spacing for Top Main Steel | C44: 25 | D44: mm | E44: 100 | F44: mm
B45: Provide Bars Of Dia And Spacing for Bottom Steel | C45: 16 | D45: mm | E45: 100 | F45: mm
A46: Abutment SECTION ACROSS BRIDGE
A47: DEAD LOAD MOMENT PER METRE Width across bridge :-
A48: Slab D.L. | C48: 0.975 | D48: x | E48: 15 | F48: x. | G48: 2.4 | H48: = | I48: 35.1 | J48: T
A49: D.L. of Wearing coat = | C49: 0.075 | D49: x | E49: 12 | F49: x. | G49: 2.4 | H49: = | I49: 2.16 | J49: T
G50: TOTAL | I50: 37.26 | J50: T
A51: D.L. of Slab & Wearing coat on half of the Abutment | E51: =
E52: 37.26 | F52: / | G52: 2 | H52: = | I52: 18.63 | J52: T/ M width
A53: L.L on Abutment | E53: = | I53: 64.69 | J53: T
A55: Dispersion width along the span for
A56: 70 T Tracked vehical | C56: = | D56: 5.3 | E56: M
A58: L.L. . per M width on Abutment = | E58: 64.69 | F58: / | G58: 5.3 | H58: = | I58: 12.20566 | J58: T/ M width
A59: Total D.L. + L.L. on half of Abutment across | D59: 18.63 | E59: + | F59: 12.20566 | H59: = | I59: 30.84 | J59: T
A60: bridge per M width | I60: Per M width
A61: The Live Load is with clearance from the Footpath and kerb. The cantilever portion of Abutment cap and width of footpath is 1500 mm
A62: Hence There is no eccentricity.
A63: Bending Moment across the bridge = | C63: 30.84 | D63: x | E63: 0 | H63: 0 | I63: T - M/M width
A64: Provide Minimum steel
A65: Minimum Reinforcement calculation for Abutment cap :-
A66: As per clause 710.8.2, IRC- 78 - 2000, the thickness of Abutment
A67: cap shall be at least 200 mm However the thickness
A68: of Abutment cap here is 1200 MM.
A69: Grade of Concrete M 30
A70: Minimum Shrinkage and Temperature reinforcement required as per Clause 305.10 IRC 21-2000
A71: in any RC structure is 250 Sq mm per m in each direction. Allowable maximum spacing is 300 mm.
A72: Shrinkage and Temperature reinforcement required = | F72: 250 | G72: x | H72: 1.2 | I72: = | J72: 300 | K72: mm2
A73: Provide 25 mm tor reiforcement @ 100 mm c/c ( 14 Nos.) in top along the Abutment cap
A74: Provide 16 mm tor reiforcement @ 100 mm c/c ( 14 Nos.) in bottom along the Abutment cap
A75: Area of Steel Provided at top
A76: = (14x 491) | C76: = | D76: 6874 | E76: mm2 | F76: > 300 mm2 | H76: OK
A78: Area of Steel Provided at bottom
A79: = (14x 201) | C79: = | D79: 2814 | E79: mm2 | F79: > 300 mm2 | H79: OK
A80: CHECK FOR SHEAR ALONG BRIDGE DIRECTION
B81: V = | C81: 30.84 | D81: T
B82: Shear Force | E82: 308.4 | F82: kN
B83: V=V' + M/d tanB | C83: (B=0) Hence V =V'
B84: Actual Shear Stress | E84: 0.27112088 | F84: N/mm2
B85: Percentage Steel | C85: 100As/bd | E85: 0.24738462
B86: Tc | E86: 0.23 | F86: N/mm2
B87: k=1
B88: Permissble Shear Stress = k Tc | E88: 0.23 | F88: N/mm2
D89: < Actual Shear Stress hence Shear Reinforcement should be provided
B90: Dia Of two Legged Stirrups | E90: 16 | F90: mm
B91: Area Of One Bar In Distribution Reinforcement | E91: 200.96 | F91: mm2
B92: Using The Bars Spacing Required s= Asw ts d/V | E92: 296.48768 | F92: mm
B93: Provide Bars Of Dia And Spacing | C93: 16 | D93: mm | E93: 100 | F93: mm | G93: Adopt spacing as 100 mm
A94: HOWEVER
A95: Provide 16 mm tor 2 legged vertical stirrups @ 100 mm centre to centre along the Abutment cap
A96: Provide 16 mm tor 2 legged horizontal stirrups @ 100 mm centre to centre along the Abutment cap
A98: SHEAR CHECK ACROSS BRIDGE DIRECTION
B99: V = | C99: 20.3 | D99: T
B100: Shear Force | E100: 203 | F100: kN
B101: V=V' + M/d tanB | C101: (B=0) Hence V =V'
B102: Actual Shear Stress | E102: 0.17846154 | F102: N/mm2
B103: Percentage Steel | C103: 100As/bd | E103: 0.24738462
B104: Tc | E104: 0.23 | F104: N/mm2
...

Sheet C1-DIRT WALL REINFORCEMENT
A1: DESIGN OF DIRT WALL AS COLUMN WITH BENDING
A2: AXIAL LOAD ON THE DIRT WALL | F2: 31.6 | G2: KN
A3: ASSUME WIDTH OF DIRT WALL | F3: 1000 | G3: MM | H3: EMIN/B | I3: 0.0039333333
A4: ASSUME DEPTH OF DIRT WALL | F4: 300 | G4: MM | H4: EMIN/D | I4: 0.0053333333
A5: MOMENT TRANSFERRED TO DIRT WALL | F5: 12.8 | G5: KN-M
A6: FACTORED AXIAL LOAD | F6: 47.4 | G6: KN
A7: FACTORED MOMENT | F7: 19.2 | G7: KN-M
A8: DIA OF LONGITUDINAL REINFORCEMENT | F8: 10 | G8: MM
A9: CLEAR COVER | F9: 40 | G9: MM
A10: d' | F10: 45 | G10: MM
A11: d'/D | F11: 0.15
A12: ADOPT d'/D | F12: 0.15
A13: PU/FCKBD | F13: 0.0052666667
A14: MU/FCKBD2 | F14: 0.0071111111
A15: REINFORCEMENT EQUALLY DISTRIDUTED ON TWO SIDES
A16: USING CHART NO- OF RCC DESIGN AIDS | F16: 33 | H16: CONC GRADE M-30
A17: P/FCK | F17: 0.01
A18: P | F18: 0.3 | H18: > Minimum Steel 0.2% Hence OK
A19: AS | F19: 900 | G19: SQ MM
A20: TOTAL NUMBER OF BARS REQUIRED | F20: 12
A21: NUMBER OF BARS ON EACH SIDE | F21: 6
A22: SPACING | F22: 200 | G22: MM
A24: Alternate design Considering dirt wall as cantilever
D26: B.M. | E26: = | F26: 12.8 | G26: KN-M
C27: deff reqd. = | F27: 12.8 | G27: x | H27: 10 6 | I27: = | J27: 118.7 | K27: mm
F28: 1000 | G28: x | H28: 0.972
C29: dpro | D29: 300 | E29: - | F29: 50 | G29: - | H29: 16 | I29: = | J29: 245 | K29: mm | L29: > | M29: 118.7 | O29: mm | P29: (OK)
H30: 2
C31: Ast | D31: = | F31: 12.8 | G31: X | I31: 10 6 | K31: = | L31: 284.86858 | M31: mm2
F32: 200 | G32: X | H32: 0.917 | I32: x | J32: 245
B33: This steel is to be provided on back | F33: i.e. | G33: approach slab side
B35: Provide Vertical steel as follows
B36: On River side 10mm bars @ 150 mm c/c | G36: = | H36: 524 | I36: mm2
B37: On Approach Slab side 10mm bars @ 150 Mm c/c | G37: = | H37: 524 | I37: mm2
B38: Minimum steel required in Horizontal direction
B39: = | C39: 0.002 | D39: x | E39: 1000 | F39: x | G39: 250
B40: = | D40: 500 | E40: mm2
B41: i.e. 250 mm2 | D41: on each face
B42: provide 10 | D42: @ 250 mm | F42: c/c | G42: = | H42: 314 | I42: mm2
C43: ABSTRACT
C44: VERTICAL REINFORCEMENT IN SHAPE OF STIRRUPS on both faces
C45: DIA | D45: 10 | E45: mm
C46: SPACING | D46: 150 | E46: mm
C48: HORIZONTAL REINFORCEMENT BAR DIA on both faces
C49: DIA | D49: 10 | E49: mm
C50: SPACING | D50: 250 | E50: mm

Sheet C1-DIRT DirectLoad_BM
A1: Design of Dirt Wall
B2: Dirt wall is subjected to
B3: (1) | C3: Live load
B4: (2) | C4: Live load surcharge
B5: (3) | C5: Braking force
B6: (3) | C6: Earth Pressure
B7: 1) | C7: Consider 70 T tracked vehicle case is
C8: governing & 14 T Axle over dirt wall,
C9: Dispersion width at top of DIRT WALL
B11: = | C11: 2.9 | D11: + | E11: ( | F11: 1.2 | G11: + | H11: 0.305 | I11: ) | J11: + | K11: 0.83
B13: = | C13: 2.9 | D13: + | E13: 1.53 | G13: + | H13: 0.825
B15: = | C15: 5.255 | D15: M
B16: Live Load | D16: = | E16: 14 | G16: = | H16: 2.66 | I16: T/M
B17: M Length | E17: 5.255
B18: 2) | C18: Self wt. of dirt wall
B19: = | C19: 0.6 | D19: x | E19: 0.3 | F19: x | G19: 2.4
B21: = | C21: 0.495 | D21: T/M
B23: Say | C23: 0.5 | D23: T/M
B25: Total direct loads = | E25: 2.66 | G25: + | H25: 0.5 | I25: = | J25: 3.16 | L25: T/M | M25: = | N25: =J25*10 -> 31.6 | O25: kN
B27: Here considering that only 70% of Braking
B28: force will be on dirt wall & the
B29: rest of braking force will be on soil.
B31: = Braking force/mt. | E31: = | G31: 0.2 | H31: x | I31: 14 | K31: x | L31: 1 | M31: = | N31: 0.53 | O31: T
H32: 5.255
B33: = B.M. due to Braking force
B35: = | C35: 0.53 | D35: x ( | E35: 1.2 | F35: + [ | G35: 0.83 | M35: ] )
B36: = | C36: 1.07 | D36: T-M
B37: Intensity of Earth Pressure at Deck Level
B39: = | C39: 0.224 | D39: x | E39: 1.8 | F39: x | G39: 1.2
B41: = | C41: 0.483 | D41: T/M2
B43: Intensity of Earth Pressure at top of Abutment Cap | G43: =
B45: = | C45: 0.224 | D45: x | E45: 1.8 | F45: x ( | G45: 1.2 | H45: + | I45: 0.825 | K45: )
B47: = | C47: 0.816 | D47: T/M2
B48: B.M. due to Earth Pressure & Live Load
B49: Surcharge/M width
C50: 1 | D50: = ( | E50: 0.816 | G50: - | H50: 0.483 | J50: ) X | K50: 0.825 | L50: X | M50: 0.42 | O50: X | P50: 0.875
B51: = | C51: 2
D53: + | E53: 0.483 | G53: X | H53: 0.825 | J53: X | K53: 0.528
K54: 2
B55: = | C55: 0.048 | D55: + | E55: 0.164
B57: = | C57: 0.21 | D57: T-M
C58: Total BM at top of DIRT WALL
B60: = | D60: 1.07 | E60: + | F60: 0.21
B62: = | D62: 1.28 | E62: T-M | F62: = | G62: =D62*10 -> 12.8 | H62: kN-m
B63: Direct Stress | D63: = | E63: 3.16 | G63: X | H63: 10 3
F64: 30 | G64: X | H64: 100
D65: = | E65: =1.26*25/30 -> 1.05 | G65: Kg./Cm2
B68: Bending Stress | D68: = | E68: 1.28 | G68: X | H68: 10 3
E69: 1 | F69: X | G69: 100 | H69: X | I69: 30 2
E70: 6
D72: = | E72: =1280/(100*900/6) -> 0.085333333 | G72: Kg./Cm2
B74: For M 30 Grade,
B76: Permissible Bending Stress = | G76: 67 | H76: Kg./Cm2
B79: Permissible Direct Compressive
C80: Stress | D80: = | E80: 50 | F80: Kg./Cm2
B83: = | D83: 1.05 | E83: + | F83: 0.09 | H83: < | I83: 1
D84: 50 | F84: 67
B86: = | D86: =1.05/50 -> 0.021 | E86: + | F86: =0.09/67 -> 0.0013432836 | H86: < | I86: 1
B88: = | D88: 0.022 | H88: < | I88: 1 | K88: HENCE OK.

Sheet C1-DIRT LL_BM
A1: DEAD LOAD CALCULATION :-
A2: DEPTH OF DECK SLAB = | B2: 925 | C2: mm
A3: DEPTH OF WEARING COAT = | B3: 75 | C3: mm
A4: DIA OF MAIN BAR = | B4: 25 | C4: mm
A5: Clear cover = | B5: 25 | C5: mm
A6: Effective depth of slab deffective = | B6: =B2 -> 925 | C6: - | D6: =B5 -> 25 | E6: - | F6: =B5 -> 25 | G6: /2 = | H6: =B2-B5-B4/2 -> 887.5 | I6: mm
A7: Effective SpanLeffective = | B7: 10 | C7: m
A8: DESIGN DEAD LOAD :-
A9: (1) Weight / Sqm of Slab | B9: =B2/1000 -> 0.925 | C9: x | D9: 2.4 | E9: = | F9: =B9*D9 -> 2.22 | G9: T/ Sqm
A10: (2) Weight / Sqm of wearing coat | B10: 0.075 | C10: x | D10: 2.4 | E10: = | F10: =B10*D10 -> 0.18 | G10: T/ Sqm
A11: Total DL | F11: =SUM(F9:F10) -> 2.4 | G11: T/ Sqm
A12: DEAD LOAD BENDING MOMENT | B12: =CONCATENATE(F11,"x",B7,"x",B7,"/8 =") -> 2.4x10x10/8 = | F12: =F11*B7^2/8 -> 30 | G12: T-M
A14: LIVE LOAD CALCULATION :-
A15: [1] CLASS AA TRACKED VEHICLE :-
A16: (a) Dispersion width along the span
A17: = Length of Contact + 2 (Wearing coat + depth of Slab)
A18: =CONCATENATE("= ",3.6,"+2(",B3/1000,"+",B2/1000,")=") -> = 3.6+2(0.075+0.925)= | B18: = | C18: =3.6+(B2+B3)/500 -> 5.6 | D18: m
A20: (b) Dispersion width across the span
A21: be = K x ( 1 - x/Le ) + Bw
A22: K = A Constant having the value depending upon the ratio (be/Le) where ---
B23: be = the effective width of the slab on which the load acts.
B24: Le = Effective Span
B25: x = the distance of c.g. of concentrate load from the near support
B26: bw = The breadth of concentration area of the load i.e. Dimension of
B27: the tyre or track contact area over the road surface
A28: Here ,
A29: be | B29: = | C29: 7.5 | D29: m
A30: Le | B30: = | C30: 10 | D30: m
A31: be/Le | B31: = | C31: =ROUND(C29/C30,2) -> 0.75
A32: Value of K | B32: = | C32: 2.4
A33: Bw = | B33: 0.85 + (2 x 0.075) = | D33: 1 | E33: m
A34: x | B34: = | C34: Le/2 | D34: = | E34: =C30 -> 10 | F34: /2 = | G34: =E34/2 -> 5 | H34: m
A35: be | B35: = | C35: =C32*(1-G34/C30)+D33 -> 2.2 | D35: m
A36: Impact factor is 13.75% as pere IRC Section-II, Clause - 211-3 (a) (i)
A37: DISPERSION ACROSS SPAN (CLASS AA TRACKED VEHICAL)
A38: The tracked vehicle is placed at a distance of minimum clearence of 1.2 m from Kerb
A39: Dispersion across span = C/C distance between wheels + width from centre of wheel on clearence side
B40: + Least on other side or half the dispersion of one wheel.
A41: = 2.05 + 1.93 + Least of 3.825 Or 5.6/2 | H41: =1.925+3.825 -> 5.75
A43: = 2.05 + 1.93 + 2.8 | B43: = | C43: =2.05+1.93+2.8 -> 6.78 | D43: M
A44: Impact factor = 1.1375
A45: Total load with impact | B45: = 70 x 1.1375
B46: = | C46: =ROUNDUP(70*1.1375,2) -> 79.63 | D46: T
A47: Intensity of Load | B47: = | C47: =C46 -> 79.63 | D47: /( | E47: =C35 -> 2.2 | F47: x | G47: =C43 -> 6.78 | H47: ) =
B48: = | C48: =ROUND(C46/(E47*G47),2) -> 5.34 | D48: T
A49: DISPERSION ALONG SPAN (CLASS AA TRACKED VEHICLE)
A51: Maximum Bending Moment due to Live load , at centre
A53: = 5.34 x | B53: 5.6 | C53: (10.00 - | D53: 5.6 | E53: )
B54: 2 | D54: 5
A56: = | B56: =ROUND(C48*C18/2*(C30-C18/5),2) -> 132.77 | C56: T - M
A57: Class AA wheeled vehicle :-
A59: For Maximum B.M. at Centre of the span, the Centre of gravity of the loads and
A60: the centre of the span should coincide
A62: (a) Dispersion width along the span :-
A63: tp = | B63: tc = 2 (tw + ts )
A65: tp = | B65: width of dispersion parallel to span
A67: tc = | B67: width of tyre contact area parallel to span
A69: ts = | B69: Overall depth of slab
A71: tw = | B71: Thickness | C71: of Wearing coat
A72: Dispersion along the span
A73: = 0.15 + 2 ( 0.075 + 0.75) | B73: = | C73: 1.8 | D73: m
A75: Dispersion between two wheel is overlapping hence restricted to 1.2 M
A76: = Dispersion combined for two wheels
A78: = C/c distance between + | D78: Longitudinal
A79: two wheels | D79: dispersion
A81: = 1.2 | C81: + | D81: 1.8
A83: = 3.0 m | B83: ( along the span )
A84: DISPERSION ALONG SPAN ( CLASS AA WHEELED VEHICLE )
A86: (B) Dispersion width across the span :-
A88: be = k x ( 1 - X/L ) + w
A90: Le = 10.0 M & L1 = 7.5 M
A92: = | B92: Value of | C92: K = 2.4
J93: =(2.4*4)*(1-4/8) -> 4.8
A94: X = | B94: L/2 = 10/2 | D94: = 5.00 M
A96: Bw = | B96: 0.30 + 2 ( 0.075) = | E96: 0.45 | F96: M
A98: be = 2.4 x 5 x ( 1 - 5.00/10.00) + 0.45 | B98: = | C98: =2.4*G34*(1-G34/C30)+E96 -> 6.45 | D98: M | F98: (For one Wheel )
A100: DISPERSION ACROSS THE SPAN (CLASS AA WHEELED HEVHICLE)
A102: When the wheel is placed at a distnace of minimum clearance of 1-2 M from Kerb,
A104: Combined effective width
A106: = c/c distance between wheels
A107: + 1/2 of the dispersion of one wheel
A108: + least of available width from centre of wheel on clearance side or half the dispersion
A109: of one wheel
A111: = 2.2 | B111: + 6.45 | C111: + Lesser of 1.655 & | E111: 6.45
B112: 2 | E112: 2
A114: = 2.2 | B114: + 3.225 + 1.655
A116: = | B116: =2.2+3.225+1.655 -> 7.08 | C116: m
A117: According to clause 211.3 (a) (ii) section-III, IRC 6- 1966
A118: Impact factor = 25% | B118: = | C118: 1.25
A119: = Total load of tracks with impact
A120: = 20 x 1.25
A121: = 25 T
A123: Intensity = | C123: Load
C124: dispersion along x across the span
A125: = | B125: 25 x 2
B126: 3.00 x 7.08
A128: = | B128: =ROUND(50/(3*B116),2) -> 2.35 | C128: T/M
A129: DISPERSION ACROSS THE SPAN (CLASS AA WHEELED HEVHICLE)
A130: Maximum B.M. due to Live load at centre
A131: = 2.35 x | B131: 7.08 | C131: (10.00 - | D131: 7.08 | E131: )
...

Sheet INSERT ESTIMATE
A1: BRIDGE DESIGN
A3: DETAILED PROJECT REPORT

Sheet Tech Report
A1: Technical - Report
A3: 1 | B3: Name of Project | C3: :- | D3: DESIGN OF SUBMERSIBLE SKEW BRIDGE ACROSS BEDACH RIVER | E3: 0 | F3: 0 | G3: 0 | H3: 0 | I3: 0 | J3: 0 | K3: 0
A6: 2 | B6: Authority | C6: :-
A8: 3 | B8: Necessity | C8: :-
A11: 4 | B11: Specification Proposed : | C11: :- | D11: The following specifications are proposed in this estimete as under -
D12: The administrative sanction for Construction of High Level Bridge having 8 Nos. span of 10.00 M each and open foundation has been proposed. The substructure in RCC wall type piers in M-25 and RCC solid slab simply supprted dacking also in M-30 (Design Mix Concreate). The solid slab has deck slab proposed to be properly Anchored into The pier cap against uplifting and drag. The pier footing has also proposed to be similarly anchored into the rocky strata.
D14: (a) Foundation Concreate P.C.C. M-15 grade 20 mm nominal size aggregate.
D16: (b) Foundation Footing of Piers - it has been proposed of RCC mix M-25. The annular space filled with M-15 with 20 mm nominal Size stone aggregate upto the top of the rock.
D18: (C) Foundation Footing of Abutments - It has been proposed of RCC mix M-20 The annular space filled with P.C.C. M-15 grade concreate with 20mm nominal Size stone aggregate upto the top of the rock.
D20: (D) Piers, Pier caps - These has been proposed of RCC Mix M-25
D22: (E) Abutments, Abutment caps and Dirt wall - These has been proposed of RCC Mix M-25
D24: (F) Deck Slab - The simply supported deck slab has been proposed of R.C.C. mix M-30. The deck slab shall be anchored at both ends with 25mm dia anchor bolts to prevent it from uplift and the drag of flowing water.
D26: (G) Guard Stone - RCC guardd stones has been proposed of mix M-25 as per recommendations of IRC special publiciation on Submersible bridges. Ref IRC:SP:82-2008
D28: (H) Wearing Coat - M-30 concreate with reinforcement as per IRC recommendation is proposed. The average thickness of the wearing coat 75mm.
D30: (I) Approach slab - Approach slab has been proposed of RCC M-25 overlaid The wearing coat similar to that on deck slab has been proposed provided over the approach slab.
D32: (J) Filling behind Abutment & Wing walls- The back Fill has been proposed of locally available granular material it shall be compacted as per specifications.
D34: (K) Earth work in cutting for grade improvement on approches has been proposed.
A38: 5 | B38: Estimated Cost of Work | C38: :- | D38: The Estimated Cost comes to Rs.987.60 Lacs
A41: 6 | B41: Rates | C41: :- | D41: The Estimate based on PWD BSR Road 2022 (Rajasthan).
A43: 7 | B43: Job No. | C43: :-

Sheet General Abs. 
A1: PUBLIC WORKS DEPARTMENT, DIVISION -
A3: GENERAL ABSTRACT
A5: Name of Work :-
B6: DESIGN OF SUBMERSIBLE SKEW BRIDGE ACROSS BEDACH RIVER
A7: Sr.No. | B7: Items | G7: Amount
A9: 1 | B9: Bridge Work | G9: 100003890
E11: Total => Rs. | G11: 100003890
B13: Add 1.00% for Quality Control Charges | G13: 1000039
B15: Add 3% for Contengency Charges | G15: 0
B17: Add 1.50 % for Contingencies Charges | G17: 1500058
F19: G. Total Rs. :- | G19: 102503987
B21: Add 13.00 % for Prorata Charges | G21: 13325518
F23: G. Total Rs. :- | G23: 115829505
F25: Say Rs. :- | G25: 1158.3
G26: Lacs.

Sheet Abstract
A1: ABSTRACT OF COST
A2: Name of Work :-
B3: DESIGN OF SUBMERSIBLE SKEW BRIDGE ACROSS BEDACH RIVER
A4: S.No. | B4: Particulars | C4: Qty. | E4: Rate | F4: Unit | G4: Amount
A6: 1 (a) | B6: Excavation for Structures (Earth work in excavation of foundation of structures as per drawing and technical specification, including setting out, construction of shoring and bracing, removal of stumps and other deleterious matter, dressing of sides and bottom and backfilling with approved material.) Ordinary soil. Mechanical Means. Depth upto 3 m | J6: 116
B7: Foundation Work | C7: 787.91764 | D7: Cum
B8: Approches | C8: 2100 | D8: Cum
C9: 2887.9176 | D9: Cum | E9: 68 | F9: Cum | G9: 196378.4
A11: (b) | B11: Above 3m to 6m depth | J11: 116
B12: Foundation Work | C12: 984.89705 | D12: Cum | E12: 80 | F12: Cum | G12: 78791.764
A14: © | B14: Ordinary/Soft rock (not requiring blasting) [MoRTH Specification : Clause 301]. BY MECHANICAL MEANS | J14: 146
B15: Foundation Work | C15: 2072.8147 | D15: Cum
B16: Approches | C16: 1610 | D16: Cum
C17: 3682.8147 | D17: Cum | E17: 103 | F17: Cum | G17: 379329.91
A19: (d) | B19: Hard rock ( requiring blasting ) | J19: 273
B20: Foundation Work | C20: 2072.8147 | D20: Cum | E20: 364 | F20: Cum | G20: 754504.55
A22: 5 | B22: Plain/Reinforced cement concrete in open foundation complete as per drawing and technical specifications | J22: 3005
B23: PCC Grade M15
B24: Foundation Work | C24: 1185.3473 | D24: Cum | E24: 3863 | F24: Cum | G24: 4578996.5
A26: 6 | B26: RCC Grade M20 | J26: 3455
B27: Using concrete mixer
B28: Foundation Work | C28: 282.50358 | D28: Cum
B29: Approches | C29: 394.5 | D29: Cum
C30: 677.00358 | D30: Cum | E30: 4356 | F30: Cum | G30: 2949027.6
A32: 7 | B32: RCC Grade M25 | J32: 3995
B33: Using concrete mixer
B34: Foundation Work | C34: 1191.9604 | D34: Cum
B35: Approches | C35: 372 | D35: Cum
C36: 1563.9604 | D36: Cum | E36: 4708 | F36: Cum | G36: 7363125.5
A38: 8 | B38: Providing and laying steel reinforcement at any level in foundation complete as per drawing and technical specification. [MoRTH Specification : Section 1600]. HYSD bar reinforcement | J38: 64397
B39: Foundation Work | C39: 140.35334 | D39: MT
B40: Approches | C40: 43.803 | D40: MT
C41: 184.15634 | D41: MT | E41: 85000 | F41: MT | G41: 15653289
A43: 9 | B43: Structural cement concrete for plain concrete/ reinforced concrete for substructure at any level, complete as per drawing and technical specification. Design mix concrete – [MoRTH Specification : Section 1500 & 1700]. RCC M-25 grade, including form work Upto 5 mtr. height | J43: 4380
B44: Sub Structure Work | C44: 1448.8565 | D44: Cum
B45: Approches | C45: 810 | D45: Cum
C46: 2258.8565 | D46: Cum | E46: 4596 | F46: Cum | G46: 10381705
A48: 10 | B48: Supplying, fitting and placing HYSD bar reinforcement in sub-structure complete as per drawing and technical specifications | J48: 64478
B49: Sub Structure Work | C49: 164.9161 | D49: MT
B50: Approches | C50: 95.3775 | D50: MT
C51: 260.2936 | D51: MT | E51: 85000 | F51: MT | G51: 22124956
A53: 11 | B53: Providing weep holes in Brick masonry/Plain/Reinforced concrete abutment, wing wall/return wall with 100 mm dia AC pipe, extending through the full width of the structure with slope of 1V :20H towards drawing foce. Complete as per drawing and Technical specifications | J53: 90
B54: Sub Structure Work | C54: 200.4 | D54: Rmt
B55: Approches | C55: 390 | D55: Rmt
C56: 590.4 | D56: Rmt | E56: 129 | F56: Rmt | G56: 76161.6
A58: 12 | B58: Back filling behind abutment, wing wall and return wall, in 150mm layers, with mechanical compaction, complete with all lead and lift, as per drawing and technical specification. [MoRTH Specification : Clause 304]. Gravelly Material | J58: 320
B59: Sub Structure Work | C59: 487.2 | D59: Cum
B60: Approches | C60: 975 | D60: Cum
C61: 1462.2 | D61: Cum | E61: 548 | F61: Cum | G61: 801285.6
A63: 13 | B63: Providing and laying of Filter media with granular materials/stone crushed aggregates satisfying the requirements laid down in clause 2504.2.2. of MoRTH specifications to a thickness of not less than 600 mm with smaller size towards the soil and bigger size towards the wall and provided over the entire surface behind abutment, wing wall and return wall to the full height compacted to a firm condition complete as per drawing and technical specification. | J63: 516
B64: Sub Structure Work | C64: 83.52 | D64: Cum
B65: Approches | C65: 487.5 | D65: Cum
C66: 571.02 | D66: Cum | E66: 793 | F66: Cum | G66: 452818.86
A68: 14 | B68: Structural RCC/PSC upto a height of 5 mtr. for reinforced concrete in superstructure complete including steel formwork, scaffolding etc. As per drawing and technical specification. Design mix concrete. [MoRTH Specification : 1500 & 1700]. RCC M-30 grade Solid slab superstructure | J68: 5190
B69: Superstructure Work | C69: 1700.1634 | D69: Cum | E69: 5625 | F69: Cum | G69: 9563419
A71: 15 | B71: a) Supplying, fitting and placing HYSD bar reinforcement in super-structure complete as per drawing and technical specifications | J71: 65429
B72: Superstructure Work | C72: 203.72424 | D72: MT | E72: 85000 | F72: MT | G72: 17316560
A74: 16 | B74: Providing and laying Cement concrete wearing coat M-30 grade including reinforcement complete as per drawing and Technical Specifications | J74: 8395
B75: Superstructure Work | C75: 139.65118 | D75: Cum | E75: 8743 | F75: Cum | G75: 1220970.3
A77: 17 | B77: PCC M15 Grade leveling course below approach slab complete as per drawing and Technical specification | J77: 3010
B78: Superstructure Work | C78: 7.56 | D78: Cum
B79: Approches | C79: 123.75 | D79: Cum
C80: 131.31 | D80: Cum | E80: 2949 | F80: Cum | G80: 387233.19
A82: 18 | B82: Reinforced cement concrete approach slab including reinforcement and formwork complete as per drawing and Technical specification | J82: 7075
B83: Superstructure Work | C83: 27.153 | D83: Cum | E83: 7863 | F83: Cum | G83: 213504.04
A85: 19 | B85: Providing & fixing 20 mm thick compressible fibre board in expansion joint complete as per drawing & Technical Specification. | J85: 795.6
B86: Superstructure Work | C86: 157.49278 | D86: Sqm | E86: 1263 | F86: Sqm | G86: 198913.38
A88: 20 | B88: Providing and laying 12mm thick Bitumen Mastic wearing coat with bitumen of grade S35 as per Table 500-27, 10.2% by weight on prepared base including coarse aggregate as per table 500-29, and lime stone powder as filler, complete including tack coat. (MoRTH specification : Clause 515). | J88: 590
B89: Superstructure Work | C89: 182.4 | D89: Sqm | E89: 248 | F89: Sqm | G89: 45235.2
A91: 21 | B91: Excavation in Soil using Hydraulic Excavator CK 90 and Tippers with disposal upto 1000 metres. (Excavation for roadwork in soil with hydraulic excavator of0.9 cum bucket capacity including cutting and loading in tippers, trimming bottom and side slopes, in accordance with requirements of lines, grades and cross sections, and transporting to the embankment location within all lifts and lead upto 1000m) | J91: 3005
B92: Approches | C92: 2033.4 | D92: Cum | E92: 33 | F92: Cum | G92: 67102.2
A94: 22 | B94: Excavation in Ordinary Rock using Hydraulic ExcavatorCK-90 and Tippers with disposal upto 1000 metres. (Excavation for roadway in ordinary rock with hydraulic excavator of 0.9 cum bucket capacity including cutting and loading in tippers, transporting to embankment site within all lifts and lead upto 1000 m, trimming bottom and side slopes in accordance with requirements of lines, grades and cross sections.) | J94: 3005
B95: Approches | C95: 1355.6 | D95: Cum | E95: 44 | F95: Cum | G95: 59646.4
A97: 23 | B97: Providing and Laying un-reinforced, dowel jointed, plain cement concrete pavement over a prepared sub-base with 43 grade cement, coarse and fine aggregate conforming to IS:383, maximum size of coarse aggregate not exceeding 25mm, mixed in a batching and mixing plant as per approved mix design, transported to site, laid with slip form paver, spread, compacted and finished in a continuous operation including provision of contraction, expansion, construction and longitudinal joints, joint filler, separation membrane, sealant primer, joint sealant, debonding strip, dowel bar, tie rod, admixtures and vacuum processing pump as approved, curing compound, finishing to lines and grades as per drawing as per MoRTH Specification : Clause No. 602, 112. Using Cement concrete M-30 pavement Grade | I97: 6.4
C98: 360 | D98: Cum | E98: 5454 | F98: Cum | G98: 1963440
A100: 24 | B100: Construction of RCC railing of M30 Grade in-situ with 20 mm nominal size aggregate, true to line and grade, tolurence of vertical RCC post not to exceed 1 in 500, centre to centre spacing between vertical post not to exceed 2000 mm, leaving adequate space between vertical post for expansion, complete as per approved drawings and technical specifications. | I100: 6.4
C101: 0 | D101: M | E101: 1747 | F101: M
A102: 25 | B102: Providing and Erecting typical Citizens Information Board as per approved drawing & specification of MoRD, made of two MS Sheet of 1.6 mm thick each of size 900 mm × 750 mm stiffened by angle iron 25 mm ×25 mm × 3 mm all around the plate and plates fixed on frame of 75 mm dia pipe of 12 SWG sheet (vertical post 3050 m with angle holdfasts and horizontal member 900 mm) to be joined by 5 mm thick MS plate at 12 places (65 × 50 mm) duly embedded in cement concrete M-15 grade of block of 600 mm × 600 mm × 750 mm size below ground level as per enclosed drawings & as directed by Engineering - In-Charge. All MS will be stove enameled on both side, Lettering, figuring and border will be with ready mixed synthetic enamel paint of superior quality in required shade and colour etc. complete in all respect. All sections of framed post and steel tube will be painted with primer and two coat of epoxy paint as per drawing and as per MoRD specification. | C102: 2 | D102: Nos. | E102: 8300 | F102: Each | G102: 16600
A103: 26 | B103: Supply of villege Name Board size 600x900 mm made out of 1.25 mm thick M.S. Sheet duly framed with 30mm Outer Dia Mild Steel tube tightened with M.S. flat 12x3 mm fixed on two posts of size 40 mm ODMS tube 3M long whole board is processed in blue/white stoving enamel paint and white/red machine cut reflective sheet complete in all respect posts duly painted with black/white synthetic enamel. | C103: 3 | D103: Nos. | E103: 3300 | F103: Each | G103: 9900
A104: 27 | B104: Retro-Reflectorised Traffic Signs Providing and fixing of retro- reflectorised cautionary, mandatory and informatory sign as per IRC :67 made of high intensity grade sheeting vide clause 801.3, fixed over aluminium sheeting, 1.5 mm thick supported on a mild steel angle iron post 75 mm x 75 mm x 6 mm firmly fixed to the ground by means of properly designed foundation with M15 grade cement concrete 45 cm x 45 cm x 60 cm, 60 cm below ground level as per approved drawing 90 cm equilateral triangle | C104: 6 | D104: Nos. | E104: 2269 | F104: Each | G104: 13614
A105: 28 | B105: Retro-Reflectorised Traffic Signs Providing and fixing of retro- reflectorised cautionary, mandatory and informatory sign as per IRC :67 made of high intensity grade sheeting vide clause 801.3, fixed over aluminium sheeting, 1.5 mm thick supported on a mild steel angle iron post 75 mm x 75 mm x 6 mm firmly fixed to the ground by means of properly designed foundation with M15 grade cement concrete 45 cm x 45 cm x 60 cm, 60 cm below ground level as per approved drawing 60 cm equilateral triangle | C105: 6 | D105: Nos. | E105: 1894 | F105: Each | G105: 11364
A106: 29 | B106: Raised Pavment Marker ( Cats Eyes): Supplying and Fixing of Molded Shank Raised Pavement Markers made of polycarbonate and ABS moulded body and reflective panels with micro prismatic lens capable of providing total internal reflection of the light entering the lens face and shall support a load of 16000 kg tested in accordance to ASTM D 4280 Type H and complying to Specifications of Category A of MORTH Circular No RW/NH/33023/10-97 – DO III Dt 11.06. 1997. The height, width and length shall not exceed 50 mm, 100 mm and 100 mm and with minimum reflective area of 13 Sqcm on each side and the slope to the base shall be 35 +/- 5 degree. The strength of detachment of the integrated cylindrical shanks, (of diameter not less than 19 +/- 2 mm and height not less than 30+/- 2 mm) from the body is to be a minimum value of 700 Kgf. Fixing will be by drilling holes on the road for the shanks to go inside, without nails and using epoxy resin based adhesive as per manufacturer’s recommendation and complete as directed by the engineer. The contractor shall submit 2 years pre qualified warranty certificate from the manufacturer for satisfactory field performance | C106: 400 | D106: Nos. | E106: 185.61 | F106: Each | G106: 74244
A107: 30 | B107: Road Marking with Hot Applied Thermoplastic Compound with Reflectorising Glass Beads on Bituminous Surface Providing and laying of hot applied thermoplastic compound 2.5 mm thick including reflectorising glass beads @ 250 gms per sqm area, thickness of 2.5 mm is exclusive of surface applied glass beads as per IRC:35 .The finished surface to be level, uniform and free from streaks and holes. | C107: 500.175 | D107: Sqm | E107: 559 | F107: Per Sqm | G107: 279597.82
A108: 31 | B108: Providing and laying graded stone aggregate filter Material underneath pitching on slopes complete as per drawing and technical specification. (MoRTH specification : clause 2504). | C108: 160.99689 | D108: Cum | E108: 908 | F108: Per Cum | G108: 146185.18
A109: 32 | B109: Providing and laying pitching on slopes laid over prepared filter media including boulder apron laid dry in front of toe of embankment complete as per drawing and technical specifications. (MoRTH specification: Clause 2504 & 1700). With R.R. stone, weighing not less than 40 kg thickness not less than 150mm (specific gravity not less than 2.65) | C109: 2641.4953 | D109: Cum | E109: 844 | F109: Per Cum | G109: 2229422.1
A110: 33 | B110: Providing and laying Reinforced cement concrete pipes NP-3 for culverts including jointing ends and fixing collar with cement mortar 1:2. (MoRTH specification : clause 1000/2900). 1000 mm dia | C110: 30 | D110: RM | E110: 5087 | F110: Per RM | G110: 152610
A111: 34 | B111: Providing and laying Reinforced cement concrete pipes NP-3 for culverts including jointing ends and fixing collar with cement mortar 1:2. (MoRTH specification : clause 1000/2900). 600 mm dia | C111: 30 | D111: RM | E111: 3272 | F111: Per RM | G111: 98160
A112: 35 | B112: Providing and laying Reinforced cement concrete pipes NP-3 for culverts including jointing ends and fixing collar with cement mortar 1:2. (MoRTH specification : clause 1000/2900). 300 mm dia | C112: 120 | D112: RM | E112: 1215 | F112: Per RM | G112: 145800
F113: Total => | G113: 1.0000389e+08

Sheet Bridge measurements
A1: DETAILED - ESTIMATE
A2: Name of Work :-
B3: DESIGN OF SUBMERSIBLE SKEW BRIDGE ACROSS BEDACH RIVER
A5: S.No. | B5: Particulars | C5: Particulars | D5: Details
C7: BRIDGE WORK
C9: FOUNDATION WORK
A10: 1 | B10: B-1 1.1.4 | C10: Excavation for Structures (Earth work in excavation of foundation of structures as per drawing and technical specification, including setting out, construction of shoring and bracing, removal of stumps and other deleterious matter, dressing of sides and bottom and backfilling with approved material.) Ordinary soil. Mechanical Means. Depth upto 3 m
A11: 1 | B11: B-1 1.1.4 | C11: In ordinary soil BY MECHANICAL MEANS Depth upto 3m
C12: Pier | D12: 11 | E12: 16.624964 | F12: 4.33 | G12: 0.8 | H12: 633.47764 | I12: Cum
C13: Abutment | D13: 2 | E13: 14.3 | F13: 6.75 | G13: 0.8 | H13: 154.44 | I13: Cum
G14: Total:- | H14: 787.91764 | I14: Cum
A16: 2 | B16: B-1 1.1.5 | C16: Earthwork in excavation for foundation of structure complete with all lift, dewatering, shoring and shuttering etc. including refilling of trenches in 250 mm layer, ramming, watering and disposal of surplus soil within a lead of 1000 meters, as per drawing and technical Earth in excavation for foundation of specification. [MoRTH Specification : Clause 304]. In ordinary soil [MoRTH Specification : clause 301] BY MECHANICAL MEANS Above 3m to 6m depth
C17: Pier | D17: 11 | E17: 16.624964 | F17: 4.33 | G17: 1 | H17: 791.84705 | I17: Cum
C18: Abutment | D18: 2 | E18: 14.3 | F18: 6.75 | G18: 1 | H18: 193.05 | I18: Cum
G19: Total:- | H19: 984.89705 | I19: Cum
A21: 3 | B21: 1.3.2 | C21: Earthwork in excavation for foundation of structure complete with all lift, dewatering, shoring and shuttering etc. including refilling of trenches in 250 mm layer, ramming, watering and disposal of surplus soil within a lead of 1000 meters, as per drawing and technical Earth in excavation for foundation of specification. [MoRTH Specification : Clause 304]. In Ordinary/Soft rock (not requiring blasting) [MoRTH Specification : Clause 301]. BY MECHANICAL MEANS
C22: Pier | D22: 11 | E22: 16.624964 | F22: 4.33 | G22: 1.8 | H22: 1425.3247 | I22: Cum
C23: Abutment | D23: 2 | E23: 14.3 | F23: 6.75 | G23: 1.8 | H23: 347.49 | I23: Cum
C24: Bed Protection Wall at U/S | D24: 12 | E24: 12.5 | F24: 1 | G24: 1 | H24: 150 | I24: Cum
C25: Bed Protection Wall at D/S | D25: 12 | E25: 12.5 | F25: 1 | G25: 1 | H25: 150 | I25: Cum
G26: Total:- | H26: 2072.8147 | I26: Cum
A28: 4 | B28: 1.4.1 | C28: Earthwork in excavation for foundation of structure complete with all lift, dewatering, shoring and shuttering etc. including refilling of trenches in 250 mm layer, ramming, watering and disposal of surplus soil within a lead of 1000 meters, as per drawing and technical Earth in excavation for foundation of specification. [MoRTH Specification : Clause 304]. In Hard Rock [MoRTH Specification : Clause 301, 302, 303]. Requiring Blasting
C29: Pier | D29: 11 | E29: 16.624964 | F29: 4.33 | G29: 1.8 | H29: 1425.3247 | I29: Cum
C30: Abutment | D30: 2 | E30: 14.3 | F30: 6.75 | G30: 1.8 | H30: 347.49 | I30: Cum
C31: Bed Protection Wall at U/S | D31: 12 | E31: 12.5 | F31: 1 | G31: 1 | H31: 150 | I31: Cum
C32: Bed Protection Wall at D/S | D32: 12 | E32: 12.5 | F32: 1 | G32: 1 | H32: 150 | I32: Cum
G33: Total:- | H33: 2072.8147 | I33: Cum
A35: 5 | B35: B-2 6.3 | C35: Structural cement concrete (Design Mix) in open foundations, with form work, at any level. Cement concrete for plain/reinforced concrete in open foundations as per drawing and technical specification. [MoRTH Specification : Section 1700 & 1500]. With 20mm nominal size aggregate P.C.C. M-15 grade
C36: Pier | D36: 11 | E36: 16.624964 | F36: 4.33 | G36: 1.8 | H36: 1425.3247 | I36: Cum
C37: Abutment | D37: 2 | E37: 14 | F37: 6.75 | G37: 1.8 | H37: 340.2 | I37: Cum
C38: Annualar Filling | D38: 11 | E38: 41.909929 | F38: 0.3 | G38: 1.8 | H38: 248.94498 | I38: Cum
D39: 2 | E39: 42.1 | F39: 0.3 | G39: 1.3 | H39: 32.838 | I39: Cum
H40: 2047.3077 | I40: Cum
C41: Deductions
C43: Pier Foundation | D43: 11 | E43: 16.324964 | F43: 4.0048 | G43: 1 | H43: 719.16039 | I43: Cum
C44: Abutment Foundation | D44: 2 | E44: 14 | F44: 5.1 | G44: 1 | H44: 142.8 | I44: Cum
H45: 861.96039 | I45: Cum
G47: Net Qty. :- | H47: 1185.3473 | I47: Cum
A49: 6 | B49: B-2 6.3 | C49: Structural cement concrete (Design Mix) in open foundations, with form work, at any level. Cement concrete for plain/reinforced concrete in open foundations as per drawing and technical specification. [MoRTH Specification : Section 1700 & 1500]. With 20mm nominal size aggregate P.C.C. M-20 grade
C50: Pier | D50: 11 | E50: 16.624964 | F50: 4.3048 | G50: 0.3 | H50: 236.17158 | I50: Cum
C51: Abutment A1-A2 | D51: 2 | E51: 14.3 | F51: 5.4 | G51: 0.3 | H51: 46.332 | I51: Cum
G53: Total:- | H53: 282.50358 | I53: Cum
A55: 7 | B55: B-2 6.6 | C55: Structural cement concrete (Design Mix) in open foundations, with form work, at any level. Cement concrete for plain/reinforced concrete in open foundations as per drawing and technical specification. [MoRTH Specification : Section 1700 & 1500]. With 20mm nominal size aggregate R.C.C. M-25 grade
C56: Pier | D56: 11 | E56: 16.324964 | F56: 4.0048 | G56: 1 | H56: 719.16039 | I56: Cum
C57: Abutment (Average thickness= (0.30+1.60)/2 | D57: 2 | E57: 14 | F57: 5.1 | G57: 1 | H57: 142.8 | I57: Cum
C58: Bed Protection at U/S | D58: 11 | E58: 12.5 | F58: 3 | G58: 0.3 | H58: 123.75 | I58: Cum
C59: Bed Protection at D/S | D59: 11 | E59: 12.5 | F59: 5 | G59: 0.3 | H59: 206.25 | I59: Cum
G60: Total:- | H60: 1191.9604 | I60: Cum
A62: 8 | B62: B-2 13.3 | C62: Providing and laying steel reinforcement at any level in foundation complete as per drawing and technical specification. [MoRTH Specification : Section 1600]. TMT Bar
C63: 1.50% RCC quantity | D63: 0.015 | E63: 1191.9604 | F63: 7850 | H63: 140.35334 | I63: MT
C66: (ii) SUB STRUCTURE WORK
A68: 9 | B68: B-3 5.2.1.1 | C68: Structural cement concrete for plain concrete/ reinforced concrete for substructure at any level, complete as per drawing and technical specification. Design mix concrete – [MoRTH Specification : Section 1500 & 1700]. RCC M-25 grade, including form work Upto 5 mtr. height
C69: Piers (Average Height) | D69: 11 | E69: 12 | F69: 1.2 | G69: 5.574 | H69: 882.9216 | I69: Cum
C70: Circular Section pier | D70: 11 | E70: 0.785 | F70: 1.44 | G70: 5.574 | H70: 69.309346 | I70: Cum
C71: Pier Cap | D71: 11 | E71: 12 | F71: 1.5 | G71: 0.3 | H71: 59.4 | I71: Cum
C72: Abutment wall (Average Height) | D72: 2 | E72: 12 | F72: 1.1 | G72: 4.404 | H72: 116.2656 | I72: Cum
C73: Abutment Cap | D73: 2 | E73: 12 | F73: 1 | G73: 0.3 | H73: 7.2 | I73: Cum
C74: Dirt wall | D74: 2 | E74: 12 | F74: 0.3 | G74: 0.8 | H74: 5.76 | I74: Cum
C75: Returns | D75: 4 | E75: 7 | F75: 0.5 | G75: 1 | H75: 14 | I75: Cum
C76: Returns | D76: 4 | E76: 7 | F76: 1 | G76: 1.5 | H76: 42 | I76: Cum
C77: Returns | D77: 4 | E77: 7 | F77: 1.5 | G77: 1.5 | H77: 63 | I77: Cum
C78: Returns | D78: 4 | E78: 7 | F78: 2 | G78: 1.5 | H78: 84 | I78: Cum
C79: Returns | D79: 4 | E79: 7 | F79: 2.5 | G79: 1.5 | H79: 105 | I79: Cum
G80: Total:- | H80: 1448.8565 | I80: Cum
A82: 10 | B82: B-3 9.3 | C82: Steel reinforcement in substructure complete. [MoRTH Specification : Section 1600]. TMT Bars
C83: 1.45% RCC quantity | D83: 0.0145 | E83: 1448.8565 | F83: 7850 | H83: 164.9161 | I83: MT
A85: 11 | B85: B-3 15 | C85: Providing A.C. pipe Weep holes 150mm dia in Masonry/plain Concrete/Reinforced Concrete abutment, wing wall/return wall complete as per drawing and technical specification. [MoRTH Specification : Clause 2205].
C86: Abutments | D86: 2 | E86: 48 | F86: 0.95 | H86: 91.2 | I86: Rm
C87: Returns | D87: 4 | E87: 42 | F87: 0.65 | H87: 109.2 | I87: Rm
G88: Total:- | H88: 200.4 | I88: Rm
A90: 12 | B90: B-1 3.1 | C90: Back filling behind abutment, wing wall and return wall, in 150mm layers, with mechanical compaction, complete with all lead and lift, as per drawing and technical specification. [MoRTH Specification : Clause 304]. Gravelly Material
C91: Abutments | D91: 2 | E91: 7 | F91: 12 | G91: 2.9 | H91: 487.2 | I91: Cum
A93: 13 | B93: B-1 4 | C93: Filter medium behind abutment, wing wall and return wall, complete as per drawing and technical specification. (Same as R7.20.3) [MoRTH Specification : Clause 2504].
C94: Abutment | D94: 2 | E94: 12 | F94: 0.6 | G94: 2.9 | H94: 41.76 | I94: Cum
C95: Return | D95: 4 | E95: 6 | F95: 0.6 | G95: 2.9 | H95: 41.76 | I95: Cum
G96: Total:- | H96: 83.52 | I96: Cum
C98: (iii) SUPERSTRUCTURE
A99: 14 | B99: B-4 1.1.3 | C99: Structural RCC/PSC upto a height of 5 mtr. for reinforced concrete in superstructure complete including steel formwork, scaffolding etc. As per drawing and technical specification. Design mix concrete. [MoRTH Specification : 1500 & 1700]. RCC M-30 grade Solid slab superstructure
C100: Deck slab | D100: 12 | E100: 12.930665 | F100: 12 | G100: 0.85 | H100: 1582.7134 | I100: Cum
C101: Circular section | D101: 12 | E101: 12 | F101: 0.785 x0.75x0.75 | H101: 81 | I101: Cum
C102: Guard Stones as per IRC SP 82-2008 PAGE 141 | D102: 216 | E102: 0.3 | F102: 0.2 | G102: 0.3 | H102: 36.45 | I102: Cum
H103: 1700.1634 | I103: Cum
A105: 15 | B105: B-4 3 | C105: Providing and laying TMT bar reinforcement at any level in superstructure complete as per drawing and technical Specification. [MoRTH Specification : Section 1600]
C106: 1.50% RCC quantity | D106: 0.015 | E106: 1700.1634 | F106: 7850 | H106: 200.19424 | I106: MT
C107: In deck slab anchor 25 mm bars | D107: 408 | E107: 2.25 | F107: 3.85 | H107: 3.53 | I107: MT
H108: 203.72424 | I108: MT
A110: 16 | B110: B-4 5 | C110: Reinforced cement concrete wearing coat M-30 grade at any level including formwork and reinforcement complete as per drawing and technical Specification. [MoRTH Specification : Clause 2204, 1500 & 1700].
C111: Bridge length | D111: 12 | E111: 12.930665 | F111: 12 | G111: 0.075 | H111: 139.65118 | I111: Cum
A113: 17 | B113: B-4 16 | C113: Providing and Laying PCC M-15 grade leveling course below approach slab complete as per drawing and technical specifications. [MoRTH specification : 2700]
D114: 2 | E114: 7.2 | F114: 3.5 | G114: 0.15 | H114: 7.56 | I114: Cum
A116: 18 | B116: B-4 17 | C116: Reinforced cement concrete M-30 grade approach slab including reinforcement and formwork complete as per drawing and technical specifications. [MoRTH specification : 1500, 1600, 1700, 2704]
C117: Approch Slab | D117: 2 | E117: 12.93 | F117: 3.5 | G117: 0.3 | H117: 27.153 | I117: Cum
A119: 19 | B119: B-4 11.2 | C119: Providing and fixing 20mm thick Compressible Fibre Board in expansion joint complete as per drawing and technical specification in MoRTH specification : clause 2605.
C120: Slab | D120: 12 | E120: 12.930665 | F120: 0.85 | H120: 131.89278 | I120: Sqm
C121: abutment | D121: 4 | E121: (0.40+1.20)/2 x 8.00 | H121: 25.6 | I121: Sqm
H122: 157.49278 | I122: Sqm
A124: 20 | B124: B-4 7 | C124: Providing and laying 12mm thick Bitumen Mastic wearing coat with bitumen of grade S35 as per Table 500-27, 10.2% by weight on prepared base including coarse aggregate as per table 500-29, and lime stone powder as filler, complete including tack coat. (MoRTH specification : Clause 515).
C125: Piers | D125: 11 | E125: 1.2 | F125: 12 | H125: 158.4 | I125: Sqm
C126: Abutment | D126: 2 | E126: 1 | F126: 12 | H126: 24 | I126: Sqm
G127: Total:- | H127: 182.4 | I127: Sqm
...
